{
  "impressions_history_chaining_seen": [
    {
      "string_map_data": {
        "Username": {
          "value": "dhavalmodi53"
        },
        "Time": {
          "timestamp": 1603795237
        }
      }
    },
    {
      "string_map_data": {
        "Username": {
          "value": "dipennawani"
        },
        "Time": {
          "timestamp": 1603740462
        }
      }
    },
    {
      "string_map_data": {
        "Username": {
          "value": "vibhumongha"
        },
        "Time": {
          "timestamp": 1603740456
        }
      }
    },
    {
      "string_map_data": {
        "Username": {
          "value": "vishwarathod"
        },
        "Time": {
          "timestamp": 1603740289
        }
      }
    },
    {
      "string_map_data": {
        "Username": {
          "value": "piyu_grams"
        },
        "Time": {
          "timestamp": 1603135998
        }
      }
    },
    {
      "string_map_data": {
        "Username": {
          "value": "raunakbir"
        },
        "Time": {
          "timestamp": 1603134878
        }
      }
    },
    {
      "string_map_data": {
        "Username": {
          "value": "hardikpjethva"
        },
        "Time": {
          "timestamp": 1602510788
        }
      }
    },
    {
      "string_map_data": {
        "Username": {
          "value": "sadiwala_"
        },
        "Time": {
          "timestamp": 1602510424
        }
      }
    },
    {
      "string_map_data": {
        "Username": {
          "value": "kunjshah11"
        },
        "Time": {
          "timestamp": 1602280021
        }
      }
    },
    {
      "string_map_data": {
        "Username": {
          "value": "ashwinhudka"
        },
        "Time": {
          "timestamp": 1602279831
        }
      }
    },
    {
      "string_map_data": {
        "Username": {
          "value": "rajesh27682"
        },
        "Time": {
          "timestamp": 1602279715
        }
      }
    },
    {
      "string_map_data": {
        "Username": {
          "value": "bhavika_vaibhav1618"
        },
        "Time": {
          "timestamp": 1601291585
        }
      }
    },
    {
      "string_map_data": {
        "Username": {
          "value": "shraddha.vaidya.37"
        },
        "Time": {
          "timestamp": 1600803640
        }
      }
    },
    {
      "string_map_data": {
        "Username": {
          "value": "mevidyutjammwal"
        },
        "Time": {
          "timestamp": 1595864352
        }
      }
    },
    {
      "string_map_data": {
        "Username": {
          "value": "amitabhbachchan"
        },
        "Time": {
          "timestamp": 1595864352
        }
      }
    },
    {
      "string_map_data": {
        "Username": {
          "value": "divyanshurawal"
        },
        "Time": {
          "timestamp": 1595692467
        }
      }
    },
    {
      "string_map_data": {
        "Username": {
          "value": "carryminati"
        },
        "Time": {
          "timestamp": 1595258088
        }
      }
    },
    {
      "string_map_data": {
        "Username": {
          "value": "andthenidraw7"
        },
        "Time": {
          "timestamp": 1595067210
        }
      }
    },
    {
      "string_map_data": {
        "Username": {
          "value": "vyas2822_pratik"
        },
        "Time": {
          "timestamp": 1595009399
        }
      }
    },
    {
      "string_map_data": {
        "Username": {
          "value": "kroopafillu"
        },
        "Time": {
          "timestamp": 1594043802
        }
      }
    },
    {
      "string_map_data": {
        "Username": {
          "value": "programer.life"
        },
        "Time": {
          "timestamp": 1587391319
        }
      }
    },
    {
      "string_map_data": {
        "Username": {
          "value": "theviralfever"
        },
        "Time": {
          "timestamp": 1587261245
        }
      }
    },
    {
      "string_map_data": {
        "Username": {
          "value": "netflix_in"
        },
        "Time": {
          "timestamp": 1587261172
        }
      }
    },
    {
      "string_map_data": {
        "Username": {
          "value": "theprankzone"
        },
        "Time": {
          "timestamp": 1584471266
        }
      }
    },
    {
      "string_map_data": {
        "Username": {
          "value": "himani_joshi_9"
        },
        "Time": {
          "timestamp": 1581778581
        }
      }
    },
    {
      "string_map_data": {
        "Username": {
          "value": "ttt_official"
        },
        "Time": {
          "timestamp": 1580534979
        }
      }
    },
    {
      "string_map_data": {
        "Username": {
          "value": "saraalikhan95"
        },
        "Time": {
          "timestamp": 1580534896
        }
      }
    },
    {
      "string_map_data": {
        "Username": {
          "value": "yobuntybro"
        },
        "Time": {
          "timestamp": 1575049440
        }
      }
    },
    {
      "string_map_data": {
        "Username": {
          "value": "robinsharma"
        },
        "Time": {
          "timestamp": 1569134773
        }
      }
    },
    {
      "string_map_data": {
        "Username": {
          "value": "vyasumang"
        },
        "Time": {
          "timestamp": 1567886151
        }
      }
    },
    {
      "string_map_data": {
        "Username": {
          "value": "dimplevyas_2357"
        },
        "Time": {
          "timestamp": 1567093133
        }
      }
    },
    {
      "string_map_data": {
        "Username": {
          "value": "virat.kohli"
        },
        "Time": {
          "timestamp": 1561485888
        }
      }
    },
    {
      "string_map_data": {
        "Username": {
          "value": "ranveersingh"
        },
        "Time": {
          "timestamp": 1561485596
        }
      }
    },
    {
      "string_map_data": {
        "Username": {
          "value": "nehaupadhyay19"
        },
        "Time": {
          "timestamp": 1561212172
        }
      }
    },
    {
      "string_map_data": {
        "Username": {
          "value": "asha.waghela.585"
        },
        "Time": {
          "timestamp": 1561212157
        }
      }
    },
    {
      "string_map_data": {
        "Username": {
          "value": "unlimitedpizzaparlour"
        },
        "Time": {
          "timestamp": 1557996099
        }
      }
    },
    {
      "string_map_data": {
        "Username": {
          "value": "priyankasparihar"
        },
        "Time": {
          "timestamp": 1557996029
        }
      }
    },
    {
      "string_map_data": {
        "Username": {
          "value": "tanvi6394"
        },
        "Time": {
          "timestamp": 1557996017
        }
      }
    },
    {
      "string_map_data": {
        "Username": {
          "value": "narendramodi"
        },
        "Time": {
          "timestamp": 1556740885
        }
      }
    },
    {
      "string_map_data": {
        "Username": {
          "value": "ommehta_1803"
        },
        "Time": {
          "timestamp": 1554791043
        }
      }
    },
    {
      "string_map_data": {
        "Username": {
          "value": "chetna9543"
        },
        "Time": {
          "timestamp": 1547873090
        }
      }
    },
    {
      "string_map_data": {
        "Username": {
          "value": "umang_197"
        },
        "Time": {
          "timestamp": 1547872817
        }
      }
    },
    {
      "string_map_data": {
        "Username": {
          "value": "surekha.tech"
        },
        "Time": {
          "timestamp": 1540920761
        }
      }
    },
    {
      "string_map_data": {
        "Username": {
          "value": "leila.leila.10"
        },
        "Time": {
          "timestamp": 1539242571
        }
      }
    },
    {
      "string_map_data": {
        "Username": {
          "value": "shailesh.bparmar"
        },
        "Time": {
          "timestamp": 1539242396
        }
      }
    },
    {
      "string_map_data": {
        "Username": {
          "value": "switded"
        },
        "Time": {
          "timestamp": 1539198449
        }
      }
    },
    {
      "string_map_data": {
        "Username": {
          "value": "_to_thelighthouse_"
        },
        "Time": {
          "timestamp": 1538937990
        }
      }
    },
    {
      "string_map_data": {
        "Username": {
          "value": "mudrikac"
        },
        "Time": {
          "timestamp": 1538936892
        }
      }
    },
    {
      "string_map_data": {
        "Username": {
          "value": "mevadavatsal"
        },
        "Time": {
          "timestamp": 1538936871
        }
      }
    },
    {
      "string_map_data": {
        "Username": {
          "value": "dhruv.dhagiya"
        },
        "Time": {
          "timestamp": 1538936831
        }
      }
    },
    {
      "string_map_data": {
        "Username": {
          "value": "ish.parikh"
        },
        "Time": {
          "timestamp": 1538936825
        }
      }
    },
    {
      "string_map_data": {
        "Username": {
          "value": "sobharestoplusmattress"
        },
        "Time": {
          "timestamp": 1538936823
        }
      }
    },
    {
      "string_map_data": {
        "Username": {
          "value": "mayurajewels"
        },
        "Time": {
          "timestamp": 1538936811
        }
      }
    },
    {
      "string_map_data": {
        "Username": {
          "value": "pradhuman.swami1990"
        },
        "Time": {
          "timestamp": 1538936585
        }
      }
    },
    {
      "string_map_data": {
        "Username": {
          "value": "laxmipoonia"
        },
        "Time": {
          "timestamp": 1538936536
        }
      }
    },
    {
      "string_map_data": {
        "Username": {
          "value": "monicamrathod"
        },
        "Time": {
          "timestamp": 1538936511
        }
      }
    },
    {
      "string_map_data": {
        "Username": {
          "value": "vikramanrekha"
        },
        "Time": {
          "timestamp": 1538936488
        }
      }
    },
    {
      "string_map_data": {
        "Username": {
          "value": "its_shobhita"
        },
        "Time": {
          "timestamp": 1538933058
        }
      }
    },
    {
      "string_map_data": {
        "Username": {
          "value": "mitalshah.ms20"
        },
        "Time": {
          "timestamp": 1537004960
        }
      }
    },
    {
      "string_map_data": {
        "Username": {
          "value": "bhise656"
        },
        "Time": {
          "timestamp": 1537004938
        }
      }
    },
    {
      "string_map_data": {
        "Username": {
          "value": "dhruv.rathod71"
        },
        "Time": {
          "timestamp": 1536954074
        }
      }
    },
    {
      "string_map_data": {
        "Username": {
          "value": "maerth"
        },
        "Time": {
          "timestamp": 1536954070
        }
      }
    },
    {
      "string_map_data": {
        "Username": {
          "value": "pragati.verma.520"
        },
        "Time": {
          "timestamp": 1536953807
        }
      }
    },
    {
      "string_map_data": {
        "Username": {
          "value": "dreamy_nightsuits"
        },
        "Time": {
          "timestamp": 1536946697
        }
      }
    },
    {
      "string_map_data": {
        "Username": {
          "value": "ishaan.prasad"
        },
        "Time": {
          "timestamp": 1536866917
        }
      }
    },
    {
      "string_map_data": {
        "Username": {
          "value": "karmic_anam"
        },
        "Time": {
          "timestamp": 1534870491
        }
      }
    },
    {
      "string_map_data": {
        "Username": {
          "value": "vinitpaneri"
        },
        "Time": {
          "timestamp": 1534836220
        }
      }
    },
    {
      "string_map_data": {
        "Username": {
          "value": "joshi.sumith"
        },
        "Time": {
          "timestamp": 1534836029
        }
      }
    },
    {
      "string_map_data": {
        "Username": {
          "value": "snehapaneri"
        },
        "Time": {
          "timestamp": 1534783112
        }
      }
    },
    {
      "string_map_data": {
        "Username": {
          "value": "matterofperception"
        },
        "Time": {
          "timestamp": 1534715647
        }
      }
    },
    {
      "string_map_data": {
        "Username": {
          "value": "anaxinterior"
        },
        "Time": {
          "timestamp": 1534706854
        }
      }
    },
    {
      "string_map_data": {
        "Username": {
          "value": "praaaaaaa_11"
        },
        "Time": {
          "timestamp": 1534706738
        }
      }
    },
    {
      "string_map_data": {
        "Username": {
          "value": "ameetrocks"
        },
        "Time": {
          "timestamp": 1534706480
        }
      }
    },
    {
      "string_map_data": {
        "Username": {
          "value": "prabhuleocut"
        },
        "Time": {
          "timestamp": 1534659000
        }
      }
    },
    {
      "string_map_data": {
        "Username": {
          "value": "mahesh.vadhel.3133"
        },
        "Time": {
          "timestamp": 1534616620
        }
      }
    },
    {
      "string_map_data": {
        "Username": {
          "value": "hitenpatel0775"
        },
        "Time": {
          "timestamp": 1528910868
        }
      }
    },
    {
      "string_map_data": {
        "Username": {
          "value": "amd"
        },
        "Time": {
          "timestamp": 1528164938
        }
      }
    },
    {
      "string_map_data": {
        "Username": {
          "value": "himanimalviya2004"
        },
        "Time": {
          "timestamp": 1527941094
        }
      }
    },
    {
      "string_map_data": {
        "Username": {
          "value": "p_s_jain_"
        },
        "Time": {
          "timestamp": 1527940855
        }
      }
    },
    {
      "string_map_data": {
        "Username": {
          "value": "indictraveler"
        },
        "Time": {
          "timestamp": 1527856870
        }
      }
    },
    {
      "string_map_data": {
        "Username": {
          "value": "nature_traveladventure"
        },
        "Time": {
          "timestamp": 1527751086
        }
      }
    },
    {
      "string_map_data": {
        "Username": {
          "value": "ar.iel1917"
        },
        "Time": {
          "timestamp": 1525719205
        }
      }
    },
    {
      "string_map_data": {
        "Username": {
          "value": "nareshdelvadiya"
        },
        "Time": {
          "timestamp": 1523298800
        }
      }
    },
    {
      "string_map_data": {
        "Username": {
          "value": "sweta_.k"
        },
        "Time": {
          "timestamp": 1515352078
        }
      }
    },
    {
      "string_map_data": {
        "Username": {
          "value": "pareshdpatel77"
        },
        "Time": {
          "timestamp": 1515351988
        }
      }
    },
    {
      "string_map_data": {
        "Username": {
          "value": "rmugdha28"
        },
        "Time": {
          "timestamp": 1515351934
        }
      }
    },
    {
      "string_map_data": {
        "Username": {
          "value": "bafna.rani"
        },
        "Time": {
          "timestamp": 1505387660
        }
      }
    },
    {
      "string_map_data": {
        "Username": {
          "value": "mbclothingpage"
        },
        "Time": {
          "timestamp": 1505386155
        }
      }
    },
    {
      "string_map_data": {
        "Username": {
          "value": "bafna2161"
        },
        "Time": {
          "timestamp": 1505382594
        }
      }
    },
    {
      "string_map_data": {
        "Username": {
          "value": "anandcp2005"
        },
        "Time": {
          "timestamp": 1499023626
        }
      }
    },
    {
      "string_map_data": {
        "Username": {
          "value": "narsaramchoudary"
        },
        "Time": {
          "timestamp": 1498945723
        }
      }
    },
    {
      "string_map_data": {
        "Username": {
          "value": "bijal.m.sheth"
        },
        "Time": {
          "timestamp": 1498944194
        }
      }
    },
    {
      "string_map_data": {
        "Username": {
          "value": "beingsalmankhan"
        },
        "Time": {
          "timestamp": 1495966816
        }
      }
    },
    {
      "string_map_data": {
        "Username": {
          "value": "hrithikroshan"
        },
        "Time": {
          "timestamp": 1495966815
        }
      }
    },
    {
      "string_map_data": {
        "Username": {
          "value": "naran_desai9254"
        },
        "Time": {
          "timestamp": 1495964942
        }
      }
    },
    {
      "string_map_data": {
        "Username": {
          "value": "varshapokhra"
        },
        "Time": {
          "timestamp": 1495964939
        }
      }
    }
  ]
}