{
  "impressions_history_videos_watched": [
    {
      "string_map_data": {
        "Author": {
          "value": "fuddu_sperm"
        },
        "Time": {
          "timestamp": 1755336035
        }
      }
    },
    {
      "string_map_data": {
        "Author": {
          "value": "godrejinshettigere.b"
        },
        "Time": {
          "timestamp": 1755336099
        }
      }
    },
    {
      "string_map_data": {
        "Author": {
          "value": "8club.co"
        },
        "Time": {
          "timestamp": 1755336123
        }
      }
    },
    {
      "string_map_data": {
        "Author": {
          "value": "nrayn_makvana_sindra_700"
        },
        "Time": {
          "timestamp": 1755336158
        }
      }
    },
    {
      "string_map_data": {
        "Author": {
          "value": "godrejnewlaunchshettigere6"
        },
        "Time": {
          "timestamp": 1755336162
        }
      }
    },
    {
      "string_map_data": {
        "Author": {
          "value": "wearecult"
        },
        "Time": {
          "timestamp": 1755336197
        }
      }
    },
    {
      "string_map_data": {
        "Author": {
          "value": "shiva_singhaniyan_16"
        },
        "Time": {
          "timestamp": 1755336212
        }
      }
    },
    {
      "string_map_data": {
        "Author": {
          "value": "valuepersqft"
        },
        "Time": {
          "timestamp": 1755336226
        }
      }
    },
    {
      "string_map_data": {
        "Author": {
          "value": "travliv360_holidays"
        },
        "Time": {
          "timestamp": 1755336246
        }
      }
    },
    {
      "string_map_data": {
        "Author": {
          "value": "fuddu_sperm"
        },
        "Time": {
          "timestamp": 1755336250
        }
      }
    },
    {
      "string_map_data": {
        "Author": {
          "value": "iskconbangaloretemple"
        },
        "Time": {
          "timestamp": 1755336255
        }
      }
    },
    {
      "string_map_data": {
        "Author": {
          "value": "fusionaunty"
        },
        "Time": {
          "timestamp": 1755336270
        }
      }
    },
    {
      "string_map_data": {
        "Author": {
          "value": "whatshotbangalore"
        },
        "Time": {
          "timestamp": 1755336270
        }
      }
    },
    {
      "string_map_data": {
        "Author": {
          "value": "le.bangalore"
        },
        "Time": {
          "timestamp": 1755336280
        }
      }
    },
    {
      "string_map_data": {
        "Author": {
          "value": "8club.co"
        },
        "Time": {
          "timestamp": 1755336285
        }
      }
    },
    {
      "string_map_data": {
        "Author": {
          "value": "aljazeeraenglish"
        },
        "Time": {
          "timestamp": 1755372465
        }
      }
    },
    {
      "string_map_data": {
        "Author": {
          "value": "ghantaa"
        },
        "Time": {
          "timestamp": 1755372474
        }
      }
    },
    {
      "string_map_data": {
        "Author": {
          "value": "sakshigupta_tcw"
        },
        "Time": {
          "timestamp": 1755372502
        }
      }
    },
    {
      "string_map_data": {
        "Author": {
          "value": "devanshi_and_deep"
        },
        "Time": {
          "timestamp": 1755372530
        }
      }
    },
    {
      "string_map_data": {
        "Author": {
          "value": "filmygalaxy"
        },
        "Time": {
          "timestamp": 1755372530
        }
      }
    },
    {
      "string_map_data": {
        "Author": {
          "value": "aditya.srivastawa"
        },
        "Time": {
          "timestamp": 1755372553
        }
      }
    },
    {
      "string_map_data": {
        "Author": {
          "value": "fitlookmagazine"
        },
        "Time": {
          "timestamp": 1755372595
        }
      }
    },
    {
      "string_map_data": {
        "Author": {
          "value": "bengalurugram2.0"
        },
        "Time": {
          "timestamp": 1755372609
        }
      }
    },
    {
      "string_map_data": {
        "Author": {
          "value": "assetzproperty"
        },
        "Time": {
          "timestamp": 1755372632
        }
      }
    },
    {
      "string_map_data": {
        "Author": {
          "value": "dutch_favourites"
        },
        "Time": {
          "timestamp": 1755372655
        }
      }
    },
    {
      "string_map_data": {
        "Author": {
          "value": "idea____man"
        },
        "Time": {
          "timestamp": 1755372655
        }
      }
    },
    {
      "string_map_data": {
        "Author": {
          "value": "its_sacchu__27"
        },
        "Time": {
          "timestamp": 1755372660
        }
      }
    },
    {
      "string_map_data": {
        "Author": {
          "value": "victoria.terletskaa"
        },
        "Time": {
          "timestamp": 1755372689
        }
      }
    },
    {
      "string_map_data": {
        "Author": {
          "value": "thescrollco"
        },
        "Time": {
          "timestamp": 1755372689
        }
      }
    },
    {
      "string_map_data": {
        "Author": {
          "value": "bengalurugram2.0"
        },
        "Time": {
          "timestamp": 1755372712
        }
      }
    },
    {
      "string_map_data": {
        "Author": {
          "value": "fuddu_sperm"
        },
        "Time": {
          "timestamp": 1755457032
        }
      }
    },
    {
      "string_map_data": {
        "Author": {
          "value": "happilywhateverafterwithks"
        },
        "Time": {
          "timestamp": 1755457042
        }
      }
    },
    {
      "string_map_data": {
        "Author": {
          "value": "priyankamurgod"
        },
        "Time": {
          "timestamp": 1755457042
        }
      }
    },
    {
      "string_map_data": {
        "Author": {
          "value": "highultralounge"
        },
        "Time": {
          "timestamp": 1755596156
        }
      }
    },
    {
      "string_map_data": {
        "Author": {
          "value": "nikhaar_shah"
        },
        "Time": {
          "timestamp": 1755596156
        }
      }
    },
    {
      "string_map_data": {
        "Author": {
          "value": "assetzproperty"
        },
        "Time": {
          "timestamp": 1755596176
        }
      }
    },
    {
      "string_map_data": {
        "Author": {
          "value": "fitlookmagazine"
        },
        "Time": {
          "timestamp": 1755596181
        }
      }
    },
    {
      "string_map_data": {
        "Author": {
          "value": "fityogimum"
        },
        "Time": {
          "timestamp": 1755596200
        }
      }
    },
    {
      "string_map_data": {
        "Author": {
          "value": "sundaysarthak"
        },
        "Time": {
          "timestamp": 1755596201
        }
      }
    },
    {
      "string_map_data": {
        "Author": {
          "value": "the_daily_guruu"
        },
        "Time": {
          "timestamp": 1755596215
        }
      }
    },
    {
      "string_map_data": {
        "Author": {
          "value": "master_media_bihar"
        },
        "Time": {
          "timestamp": 1755596230
        }
      }
    },
    {
      "string_map_data": {
        "Author": {
          "value": "yep.bengaluru"
        },
        "Time": {
          "timestamp": 1755596230
        }
      }
    },
    {
      "string_map_data": {
        "Author": {
          "value": "just.indian.things"
        },
        "Time": {
          "timestamp": 1755596240
        }
      }
    },
    {
      "string_map_data": {
        "Author": {
          "value": "ournoida.official"
        },
        "Time": {
          "timestamp": 1755596259
        }
      }
    },
    {
      "string_map_data": {
        "Author": {
          "value": "urban_runner_denmark"
        },
        "Time": {
          "timestamp": 1755596279
        }
      }
    },
    {
      "string_map_data": {
        "Author": {
          "value": "javed_kunhera"
        },
        "Time": {
          "timestamp": 1755596328
        }
      }
    },
    {
      "string_map_data": {
        "Author": {
          "value": "polymonika"
        },
        "Time": {
          "timestamp": 1755596328
        }
      }
    },
    {
      "string_map_data": {
        "Author": {
          "value": "fuddu_sperm"
        },
        "Time": {
          "timestamp": 1755598054
        }
      }
    },
    {
      "string_map_data": {
        "Author": {
          "value": "fitlookmagazine"
        },
        "Time": {
          "timestamp": 1755598293
        }
      }
    },
    {
      "string_map_data": {
        "Author": {
          "value": "_harshita.rawat_"
        },
        "Time": {
          "timestamp": 1755174951
        }
      }
    },
    {
      "string_map_data": {
        "Author": {
          "value": "fuddu_sperm"
        },
        "Time": {
          "timestamp": 1755174951
        }
      }
    },
    {
      "string_map_data": {
        "Author": {
          "value": "_harshita.rawat_"
        },
        "Time": {
          "timestamp": 1755332993
        }
      }
    },
    {
      "string_map_data": {
        "Author": {
          "value": "fuddu_sperm"
        },
        "Time": {
          "timestamp": 1755332993
        }
      }
    },
    {
      "string_map_data": {
        "Author": {
          "value": "godrejinshettigere.b"
        },
        "Time": {
          "timestamp": 1755336155
        }
      }
    },
    {
      "string_map_data": {
        "Author": {
          "value": "dogratimes"
        },
        "Time": {
          "timestamp": 1755336155
        }
      }
    },
    {
      "string_map_data": {
        "Author": {
          "value": "8club.co"
        },
        "Time": {
          "timestamp": 1755336155
        }
      }
    },
    {
      "string_map_data": {
        "Author": {
          "value": "shiva_singhaniyan_16"
        },
        "Time": {
          "timestamp": 1755336236
        }
      }
    },
    {
      "string_map_data": {
        "Author": {
          "value": "jaipur.waley_"
        },
        "Time": {
          "timestamp": 1755336236
        }
      }
    },
    {
      "string_map_data": {
        "Author": {
          "value": "godrejnewlaunchshettigere6"
        },
        "Time": {
          "timestamp": 1755336236
        }
      }
    },
    {
      "string_map_data": {
        "Author": {
          "value": "nrayn_makvana_sindra_700"
        },
        "Time": {
          "timestamp": 1755336236
        }
      }
    },
    {
      "string_map_data": {
        "Author": {
          "value": "fuddu_sperm"
        },
        "Time": {
          "timestamp": 1755336236
        }
      }
    },
    {
      "string_map_data": {
        "Author": {
          "value": "wearecult"
        },
        "Time": {
          "timestamp": 1755336236
        }
      }
    },
    {
      "string_map_data": {
        "Author": {
          "value": "neetiandraman"
        },
        "Time": {
          "timestamp": 1755336236
        }
      }
    },
    {
      "string_map_data": {
        "Author": {
          "value": "just.indian.things"
        },
        "Time": {
          "timestamp": 1755336236
        }
      }
    },
    {
      "string_map_data": {
        "Author": {
          "value": "thewellnessco.intl"
        },
        "Time": {
          "timestamp": 1755336245
        }
      }
    },
    {
      "string_map_data": {
        "Author": {
          "value": "valuepersqft"
        },
        "Time": {
          "timestamp": 1755336245
        }
      }
    },
    {
      "string_map_data": {
        "Author": {
          "value": "travliv360_holidays"
        },
        "Time": {
          "timestamp": 1755336258
        }
      }
    },
    {
      "string_map_data": {
        "Author": {
          "value": "iskconbangaloretemple"
        },
        "Time": {
          "timestamp": 1755336258
        }
      }
    },
    {
      "string_map_data": {
        "Author": {
          "value": "fuddu_sperm"
        },
        "Time": {
          "timestamp": 1755336258
        }
      }
    },
    {
      "string_map_data": {
        "Author": {
          "value": "fuddu_sperm"
        },
        "Time": {
          "timestamp": 1755336258
        }
      }
    },
    {
      "string_map_data": {
        "Author": {
          "value": "biijall"
        },
        "Time": {
          "timestamp": 1755336270
        }
      }
    },
    {
      "string_map_data": {
        "Author": {
          "value": "fusionaunty"
        },
        "Time": {
          "timestamp": 1755336270
        }
      }
    },
    {
      "string_map_data": {
        "Author": {
          "value": "whatshotbangalore"
        },
        "Time": {
          "timestamp": 1755336270
        }
      }
    },
    {
      "string_map_data": {
        "Author": {
          "value": "8club.co"
        },
        "Time": {
          "timestamp": 1755372442
        }
      }
    },
    {
      "string_map_data": {
        "Author": {
          "value": "le.bangalore"
        },
        "Time": {
          "timestamp": 1755372442
        }
      }
    },
    {
      "string_map_data": {
        "Author": {
          "value": "aljazeeraenglish"
        },
        "Time": {
          "timestamp": 1755372513
        }
      }
    },
    {
      "string_map_data": {
        "Author": {
          "value": "ghantaa"
        },
        "Time": {
          "timestamp": 1755372513
        }
      }
    },
    {
      "string_map_data": {
        "Author": {
          "value": "sakshigupta_tcw"
        },
        "Time": {
          "timestamp": 1755372609
        }
      }
    },
    {
      "string_map_data": {
        "Author": {
          "value": "aditya.srivastawa"
        },
        "Time": {
          "timestamp": 1755372609
        }
      }
    },
    {
      "string_map_data": {
        "Author": {
          "value": "bengalurugram2.0"
        },
        "Time": {
          "timestamp": 1755372609
        }
      }
    },
    {
      "string_map_data": {
        "Author": {
          "value": "fuddu_sperm"
        },
        "Time": {
          "timestamp": 1755372609
        }
      }
    },
    {
      "string_map_data": {
        "Author": {
          "value": "fitlookmagazine"
        },
        "Time": {
          "timestamp": 1755372609
        }
      }
    },
    {
      "string_map_data": {
        "Author": {
          "value": "dutch_favourites"
        },
        "Time": {
          "timestamp": 1755372682
        }
      }
    },
    {
      "string_map_data": {
        "Author": {
          "value": "assetzproperty"
        },
        "Time": {
          "timestamp": 1755372682
        }
      }
    },
    {
      "string_map_data": {
        "Author": {
          "value": "its_sacchu__27"
        },
        "Time": {
          "timestamp": 1755372682
        }
      }
    },
    {
      "string_map_data": {
        "Author": {
          "value": "fuddu_sperm"
        },
        "Time": {
          "timestamp": 1755372682
        }
      }
    },
    {
      "string_map_data": {
        "Author": {
          "value": "idea____man"
        },
        "Time": {
          "timestamp": 1755372682
        }
      }
    },
    {
      "string_map_data": {
        "Author": {
          "value": "bengalurugram2.0"
        },
        "Time": {
          "timestamp": 1755454200
        }
      }
    },
    {
      "string_map_data": {
        "Author": {
          "value": "foodietraveller_dharak"
        },
        "Time": {
          "timestamp": 1755454200
        }
      }
    },
    {
      "string_map_data": {
        "Author": {
          "value": "fuddu_sperm"
        },
        "Time": {
          "timestamp": 1755454200
        }
      }
    },
    {
      "string_map_data": {
        "Author": {
          "value": "fuddu_sperm"
        },
        "Time": {
          "timestamp": 1755454200
        }
      }
    },
    {
      "string_map_data": {
        "Author": {
          "value": "happilywhateverafterwithks"
        },
        "Time": {
          "timestamp": 1755457028
        }
      }
    },
    {
      "string_map_data": {
        "Author": {
          "value": "jrsfurniture22"
        },
        "Time": {
          "timestamp": 1755457028
        }
      }
    },
    {
      "string_map_data": {
        "Author": {
          "value": "fuddu_sperm"
        },
        "Time": {
          "timestamp": 1755457028
        }
      }
    },
    {
      "string_map_data": {
        "Author": {
          "value": "happilywhateverafterwithks"
        },
        "Time": {
          "timestamp": 1755583095
        }
      }
    },
    {
      "string_map_data": {
        "Author": {
          "value": "fuddu_sperm"
        },
        "Time": {
          "timestamp": 1755583095
        }
      }
    },
    {
      "string_map_data": {
        "Author": {
          "value": "priyankamurgod"
        },
        "Time": {
          "timestamp": 1755583095
        }
      }
    },
    {
      "string_map_data": {
        "Author": {
          "value": "assetzproperty"
        },
        "Time": {
          "timestamp": 1755596172
        }
      }
    },
    {
      "string_map_data": {
        "Author": {
          "value": "highultralounge"
        },
        "Time": {
          "timestamp": 1755596172
        }
      }
    },
    {
      "string_map_data": {
        "Author": {
          "value": "nikhaar_shah"
        },
        "Time": {
          "timestamp": 1755596172
        }
      }
    },
    {
      "string_map_data": {
        "Author": {
          "value": "the_daily_guruu"
        },
        "Time": {
          "timestamp": 1755596223
        }
      }
    },
    {
      "string_map_data": {
        "Author": {
          "value": "sundaysarthak"
        },
        "Time": {
          "timestamp": 1755596223
        }
      }
    },
    {
      "string_map_data": {
        "Author": {
          "value": "revamp.urbancompany"
        },
        "Time": {
          "timestamp": 1755596223
        }
      }
    },
    {
      "string_map_data": {
        "Author": {
          "value": "wirally"
        },
        "Time": {
          "timestamp": 1755596223
        }
      }
    },
    {
      "string_map_data": {
        "Author": {
          "value": "fitlookmagazine"
        },
        "Time": {
          "timestamp": 1755596223
        }
      }
    },
    {
      "string_map_data": {
        "Author": {
          "value": "fityogimum"
        },
        "Time": {
          "timestamp": 1755596223
        }
      }
    },
    {
      "string_map_data": {
        "Author": {
          "value": "master_media_bihar"
        },
        "Time": {
          "timestamp": 1755596234
        }
      }
    },
    {
      "string_map_data": {
        "Author": {
          "value": "yep.bengaluru"
        },
        "Time": {
          "timestamp": 1755596234
        }
      }
    },
    {
      "string_map_data": {
        "Author": {
          "value": "just.indian.things"
        },
        "Time": {
          "timestamp": 1755596252
        }
      }
    },
    {
      "string_map_data": {
        "Author": {
          "value": "ournoida.official"
        },
        "Time": {
          "timestamp": 1755596272
        }
      }
    },
    {
      "string_map_data": {
        "Author": {
          "value": "urban_runner_denmark"
        },
        "Time": {
          "timestamp": 1755597626
        }
      }
    },
    {
      "string_map_data": {
        "Author": {
          "value": "javed_kunhera"
        },
        "Time": {
          "timestamp": 1755597626
        }
      }
    },
    {
      "string_map_data": {
        "Author": {
          "value": "instantbollywood"
        },
        "Time": {
          "timestamp": 1755597626
        }
      }
    },
    {
      "string_map_data": {
        "Author": {
          "value": "polymonika"
        },
        "Time": {
          "timestamp": 1755597626
        }
      }
    },
    {
      "string_map_data": {
        "Author": {
          "value": "fuddu_sperm"
        },
        "Time": {
          "timestamp": 1755598281
        }
      }
    }
  ]
}