{
  "likes_comment_likes": [
    {
      "title": "bapat.priyanka",
      "string_list_data": [
        {
          "href": "https://www.instagram.com/p/DCmus9YzMLU/",
          "value": "\u00f0\u009f\u0091\u008d",
          "timestamp": 1732210399
        }
      ]
    },
    {
      "title": "akashtrajendra",
      "string_list_data": [
        {
          "href": "https://www.instagram.com/reel/DAfzKGuMG9k/",
          "value": "\u00f0\u009f\u0091\u008d",
          "timestamp": 1728067533
        }
      ]
    },
    {
      "title": "_aditya25_._",
      "string_list_data": [
        {
          "href": "https://www.instagram.com/p/C_qe_J9y-Mj/",
          "value": "\u00f0\u009f\u0091\u008d",
          "timestamp": 1725853390
        }
      ]
    },
    {
      "title": "siddhesh_abnave",
      "string_list_data": [
        {
          "href": "https://www.instagram.com/p/C_qe_J9y-Mj/",
          "value": "\u00f0\u009f\u0091\u008d",
          "timestamp": 1725853378
        }
      ]
    },
    {
      "title": "4llwyn",
      "string_list_data": [
        {
          "href": "https://www.instagram.com/p/C_qe_J9y-Mj/",
          "value": "\u00f0\u009f\u0091\u008d",
          "timestamp": 1725853350
        }
      ]
    },
    {
      "title": "savinakataria",
      "string_list_data": [
        {
          "href": "https://www.instagram.com/p/C_qe_J9y-Mj/",
          "value": "\u00f0\u009f\u0091\u008d",
          "timestamp": 1725853322
        }
      ]
    },
    {
      "title": "savinakataria",
      "string_list_data": [
        {
          "href": "https://www.instagram.com/p/C_qe_J9y-Mj/",
          "value": "\u00f0\u009f\u0091\u008d",
          "timestamp": 1725853308
        }
      ]
    },
    {
      "title": "anisketch93",
      "string_list_data": [
        {
          "href": "https://www.instagram.com/p/C_qe_J9y-Mj/",
          "value": "\u00f0\u009f\u0091\u008d",
          "timestamp": 1725853256
        }
      ]
    },
    {
      "title": "its.firdaus.rasheed",
      "string_list_data": [
        {
          "href": "https://www.instagram.com/reel/C_iQc5ZybX-/",
          "value": "\u00f0\u009f\u0091\u008d",
          "timestamp": 1725542418
        }
      ]
    },
    {
      "title": "ticktocktreasures.in",
      "string_list_data": [
        {
          "href": "https://www.instagram.com/reel/C9XvtOTPxWw/",
          "value": "\u00f0\u009f\u0091\u008d",
          "timestamp": 1725539935
        }
      ]
    },
    {
      "title": "tesraact",
      "string_list_data": [
        {
          "href": "https://www.instagram.com/reel/C9XvtOTPxWw/",
          "value": "\u00f0\u009f\u0091\u008d",
          "timestamp": 1725539899
        }
      ]
    },
    {
      "title": "thearietaurus",
      "string_list_data": [
        {
          "href": "https://www.instagram.com/p/C6OqTO5STBm/",
          "value": "\u00f0\u009f\u0091\u008d",
          "timestamp": 1714192801
        }
      ]
    },
    {
      "title": "_darkkdevil_",
      "string_list_data": [
        {
          "href": "https://www.instagram.com/reel/C1h6gJ4sI55/",
          "value": "\u00f0\u009f\u0091\u008d",
          "timestamp": 1704118124
        }
      ]
    },
    {
      "title": "neha__sharma94",
      "string_list_data": [
        {
          "href": "https://www.instagram.com/p/CsMUiR3tuHc/",
          "value": "\u00f0\u009f\u0091\u008d",
          "timestamp": 1684083413
        }
      ]
    },
    {
      "title": "fieldofflowers.0_0",
      "string_list_data": [
        {
          "href": "https://www.instagram.com/reel/CheOZ7eDCN-/",
          "value": "\u00f0\u009f\u0091\u008d",
          "timestamp": 1677129497
        }
      ]
    },
    {
      "title": "bapat.priyanka",
      "string_list_data": [
        {
          "href": "https://www.instagram.com/reel/CofESgrBtAT/",
          "value": "\u00f0\u009f\u0091\u008d",
          "timestamp": 1676181403
        }
      ]
    },
    {
      "title": "neha__sharma94",
      "string_list_data": [
        {
          "href": "https://www.instagram.com/p/CocGDHPLys-/",
          "value": "\u00f0\u009f\u0091\u008d",
          "timestamp": 1676054090
        }
      ]
    },
    {
      "title": "bapat.priyanka",
      "string_list_data": [
        {
          "href": "https://www.instagram.com/reel/CoSiHiQBZb4/",
          "value": "\u00f0\u009f\u0091\u008d",
          "timestamp": 1675660922
        }
      ]
    },
    {
      "title": "indiansaga21",
      "string_list_data": [
        {
          "href": "https://www.instagram.com/reel/Cg6x5TRqKM6/",
          "value": "\u00f0\u009f\u0091\u008d",
          "timestamp": 1659827869
        }
      ]
    },
    {
      "title": "neha__sharma94",
      "string_list_data": [
        {
          "href": "https://www.instagram.com/p/CgpcHhdh70Y/",
          "value": "\u00f0\u009f\u0091\u008d",
          "timestamp": 1659317235
        }
      ]
    },
    {
      "title": "neha__sharma94",
      "string_list_data": [
        {
          "href": "https://www.instagram.com/reel/CgHUboZqq55/",
          "value": "\u00f0\u009f\u0091\u008d",
          "timestamp": 1658121836
        }
      ]
    },
    {
      "title": "neha__sharma94",
      "string_list_data": [
        {
          "href": "https://www.instagram.com/p/Cfi1hdNOSOh/",
          "value": "\u00f0\u009f\u0091\u008d",
          "timestamp": 1656870118
        }
      ]
    },
    {
      "title": "sakshi.thadani",
      "string_list_data": [
        {
          "href": "https://www.instagram.com/p/CON8PrqBk9o/",
          "value": "\u00f0\u009f\u0091\u008d",
          "timestamp": 1638389288
        }
      ]
    },
    {
      "title": "fityogimum",
      "string_list_data": [
        {
          "href": "https://www.instagram.com/reel/CNxlfZQAgzZ/",
          "value": "\u00f0\u009f\u0091\u008d",
          "timestamp": 1618858664
        }
      ]
    },
    {
      "title": "neha__sharma94",
      "string_list_data": [
        {
          "href": "https://www.instagram.com/tv/CEPVNlEAYN4/",
          "value": "\u00f0\u009f\u0091\u008d",
          "timestamp": 1610940775
        }
      ]
    },
    {
      "title": "soldavvy15",
      "string_list_data": [
        {
          "href": "https://www.instagram.com/p/CKB1vU6JXpO/",
          "value": "\u00f0\u009f\u0091\u008d",
          "timestamp": 1610683075
        }
      ]
    },
    {
      "title": "bapat.priyanka",
      "string_list_data": [
        {
          "href": "https://www.instagram.com/p/CKB1vU6JXpO/",
          "value": "\u00f0\u009f\u0091\u008d",
          "timestamp": 1610649160
        }
      ]
    }
  ]
}