[
  {
    "timestamp": 1754913523,
    "media": [
      
    ],
    "label_values": [
      {
        "label": "Request completion time",
        "timestamp_value": 1754914178
      },
      {
        "label": "How many times did you try to download the file?",
        "value": "0"
      },
      {
        "label": "Start date",
        "timestamp_value": 1628620200
      },
      {
        "label": "End date",
        "timestamp_value": 1754850600
      },
      {
        "label": "Information types",
        "vec": [
          
        ]
      },
      {
        "label": "Media quality",
        "value": "Medium"
      },
      {
        "label": "Output format",
        "value": "HTML"
      },
      {
        "label": "Have you seen this archive?",
        "value": "False"
      },
      {
        "label": "Have we notified you that your request is taking a long time to process?",
        "value": "False"
      },
      {
        "label": "Where you requested your data from"
      }
    ],
    "fbid": "749050444634976"
  },
  {
    "timestamp": 1754912669,
    "media": [
      
    ],
    "label_values": [
      {
        "label": "Request completion time",
        "timestamp_value": 1754912853
      },
      {
        "label": "How many times did you try to download the file?",
        "value": "0"
      },
      {
        "label": "Start date",
        "timestamp_value": 1723314600
      },
      {
        "label": "End date",
        "timestamp_value": 1754850600
      },
      {
        "label": "Information types",
        "vec": [
          
        ]
      },
      {
        "label": "Media quality",
        "value": "Medium"
      },
      {
        "label": "Output format",
        "value": "HTML"
      },
      {
        "label": "Have you seen this archive?",
        "value": "False"
      },
      {
        "label": "Have we notified you that your request is taking a long time to process?",
        "value": "False"
      },
      {
        "label": "Where you requested your data from"
      }
    ],
    "fbid": "779503747925018"
  },
  {
    "timestamp": 1754910921,
    "media": [
      
    ],
    "label_values": [
      {
        "label": "Request completion time",
        "timestamp_value": 1754911413
      },
      {
        "label": "How many times did you try to download the file?",
        "value": "0"
      },
      {
        "label": "Start date",
        "timestamp_value": 1747026891
      },
      {
        "label": "End date",
        "timestamp_value": 1754910891
      },
      {
        "label": "Information types",
        "vec": [
          
        ]
      },
      {
        "label": "Media quality",
        "value": "Medium"
      },
      {
        "label": "Output format",
        "value": "HTML"
      },
      {
        "label": "Have you seen this archive?",
        "value": "False"
      },
      {
        "label": "Have we notified you that your request is taking a long time to process?",
        "value": "False"
      },
      {
        "label": "Where you requested your data from"
      }
    ],
    "fbid": "1265026095035278"
  },
  {
    "timestamp": 1754909816,
    "media": [
      
    ],
    "label_values": [
      {
        "label": "Request completion time",
        "timestamp_value": 1754910059
      },
      {
        "label": "How many times did you try to download the file?",
        "value": "0"
      },
      {
        "label": "Start date",
        "timestamp_value": 1723373790
      },
      {
        "label": "End date",
        "timestamp_value": 1754909790
      },
      {
        "label": "Information types",
        "vec": [
          
        ]
      },
      {
        "label": "Media quality",
        "value": "Medium"
      },
      {
        "label": "Output format",
        "value": "JSON"
      },
      {
        "label": "Have you seen this archive?",
        "value": "False"
      },
      {
        "label": "Have we notified you that your request is taking a long time to process?",
        "value": "False"
      },
      {
        "label": "Where you requested your data from"
      }
    ],
    "fbid": "1481508443302899"
  },
  {
    "timestamp": 1754909497,
    "media": [
      
    ],
    "label_values": [
      {
        "label": "Request completion time",
        "timestamp_value": 1754909967
      },
      {
        "label": "How many times did you try to download the file?",
        "value": "0"
      },
      {
        "label": "Start date",
        "timestamp_value": 1660301478
      },
      {
        "label": "End date",
        "timestamp_value": 1754909478
      },
      {
        "label": "Information types",
        "vec": [
          
        ]
      },
      {
        "label": "Media quality",
        "value": "Medium"
      },
      {
        "label": "Output format",
        "value": "JSON"
      },
      {
        "label": "Have you seen this archive?",
        "value": "False"
      },
      {
        "label": "Have we notified you that your request is taking a long time to process?",
        "value": "False"
      },
      {
        "label": "Where you requested your data from"
      }
    ],
    "fbid": "1682462282444934"
  }
]