{
  "media": [
    
  ],
  "label_values": [
    {
      "label": "Removed categories",
      "vec": [
        
      ]
    },
    {
      "dict": [
        {
          "dict": [
            {
              "label": "Event",
              "value": "Report an Ad"
            },
            {
              "label": "Ad title",
              "value": "\u00e7\u0086\u008a\u00e7\u008c\u00ab\u00e9\u00a2\u0091\u00e9\u0081\u0093_\u00e6\u0090\u00ad\u00e4\u00be\u00bf\u00e8\u00bd\u00a6_0603"
            },
            {
              "label": "Creation time",
              "timestamp_value": 1745029489
            }
          ],
          "title": ""
        },
        {
          "dict": [
            {
              "label": "Event",
              "value": "Hide an Ad"
            },
            {
              "label": "Ad title",
              "value": "Solutions | CAR | Mar 18"
            },
            {
              "label": "Creation time",
              "timestamp_value": 1745029489
            }
          ],
          "title": ""
        },
        {
          "dict": [
            {
              "label": "Event",
              "value": "Hide an Ad"
            },
            {
              "label": "Ad title",
              "value": "Turkish Turquoise"
            },
            {
              "label": "Creation time",
              "timestamp_value": 1745029489
            }
          ],
          "title": ""
        }
      ],
      "title": "Hidden ads"
    },
    {
      "dict": [
        
      ],
      "title": "Hidden advertisers"
    }
  ],
  "fbid": "18130215649125821"
}