[
  {
    "media": [
      {
        "uri": "media/posts/202202/274135070_364873178531587_4029093167728020500_n_18282251797002105.webp",
        "creation_timestamp": 1645213047,
        "media_metadata": {
          "photo_metadata": {
            "exif_data": [
              {
                "latitude": 24.578144601333,
                "longitude": 73.678577585333
              },
              {
                "device_id": "android-b6ac945f40b25d88",
                "source_type": "4"
              }
            ]
          },
          "camera_metadata": {
            "has_camera_metadata": false
          }
        },
        "title": "Simply together.....",
        "cross_post_source": {
          "source_app": "FB"
        }
      }
    ]
  },
  {
    "media": [
      {
        "uri": "media/posts/202112/270007702_969732436985995_922573437027245564_n_18039862600314124.webp",
        "creation_timestamp": 1640618399,
        "media_metadata": {
          "photo_metadata": {
            "exif_data": [
              {
                "latitude": 25.197905026928,
                "longitude": 92.022582213535
              },
              {
                "scene_capture_type": "standard",
                "device_id": "android-b6ac945f40b25d88",
                "date_time_original": "2021:12:27 01:02:00",
                "source_type": "4"
              }
            ]
          },
          "camera_metadata": {
            "has_camera_metadata": false
          }
        },
        "title": "Wherever we may wander, let it be with you\u00f0\u009f\u00a4\u009f",
        "cross_post_source": {
          "source_app": "FB"
        }
      }
    ]
  },
  {
    "media": [
      {
        "uri": "media/posts/202103/155979460_256359959289461_857128300119202546_n_17887227203022115.jpg",
        "creation_timestamp": 1614698516,
        "media_metadata": {
          "photo_metadata": {
            "exif_data": [
              {
                "device_id": "android-0d96f67c1efaaa11",
                "source_type": "4"
              }
            ]
          },
          "camera_metadata": {
            "has_camera_metadata": false
          }
        },
        "title": "Just COVID it \u00f0\u009f\u00a4\u009c",
        "cross_post_source": {
          "source_app": "FB"
        }
      }
    ]
  },
  {
    "media": [
      {
        "uri": "media/posts/202101/139837398_389853562275708_5393290049207703531_n_17877419735109602.jpg",
        "creation_timestamp": 1611148679,
        "media_metadata": {
          "photo_metadata": {
            "exif_data": [
              {
                "software": "Snapseed 2.0",
                "device_id": "android-0d96f67c1efaaa11",
                "source_type": "4"
              }
            ]
          },
          "camera_metadata": {
            "has_camera_metadata": false
          }
        },
        "title": "Winter has arrived...\u00e2\u009b\u0084",
        "cross_post_source": {
          "source_app": "FB"
        }
      }
    ]
  },
  {
    "media": [
      {
        "uri": "media/posts/202101/AQPs9S1_cuVcSHYCJPm8Ktet6Hpl95zzUNnCmrGqTtyWJ2YUouqg81FdL_2d9YK5KabyaXbIUei8pgOcjd2CB9XpDXOg0gPLRHRxE_18153996976105154.mp4",
        "creation_timestamp": 1610634569,
        "media_metadata": {
          "video_metadata": {
            "exif_data": [
              {
                "latitude": 24.58782,
                "longitude": 73.69949
              }
            ]
          },
          "camera_metadata": {
            "has_camera_metadata": false
          }
        },
        "title": "The job of feets is walking, but their hobby is dancing.\n\n#ThumkaOfNewYear\n#makarsankranti",
        "cross_post_source": {
          "source_app": "FB"
        },
        "dubbing_info": [
          
        ],
        "media_variants": [
          
        ]
      }
    ]
  },
  {
    "media": [
      {
        "uri": "media/posts/202012/130245398_2995004884065957_1698681339081553195_n_17895941350722331.jpg",
        "creation_timestamp": 1607523077,
        "media_metadata": {
          "camera_metadata": {
            "has_camera_metadata": false
          }
        },
        "title": "",
        "cross_post_source": {
          "source_app": "FB"
        }
      },
      {
        "uri": "media/posts/202012/129774146_146185173580010_7668927841328088542_n_17916735127511078.jpg",
        "creation_timestamp": 1607523077,
        "media_metadata": {
          "camera_metadata": {
            "has_camera_metadata": false
          }
        },
        "title": "",
        "cross_post_source": {
          "source_app": "FB"
        }
      }
    ],
    "title": "I see shadows\nof trees from the sky,\nI see poster\nOf myself,\nMemorize the path \nI took,\nWaiting for the moon\nto take me to sleep,\nWaiting for the sunrise to\ntake me home,\nI crave to see you in unfamiliar places\nMaking you mind up for yourself.\n\nI never look back to say Good Bye,\nI crave to see you back\nto make my memories again say Hi\n\nDon't be scared of the life you're making,\nDon't be scared on your own,\nI crave to see unfamiliar places to \nSmile when I look back in time.\n\n#storyofmylife\n#innerme",
    "creation_timestamp": 1607523078
  },
  {
    "media": [
      {
        "uri": "media/posts/202006/105952562_311789406890978_7699644676071520031_n_17857769711029195.jpg",
        "creation_timestamp": 1593246150,
        "media_metadata": {
          "camera_metadata": {
            "has_camera_metadata": false
          }
        },
        "title": "The new normal of travel #Traveller Nothing can stop us.\n#Fighter",
        "cross_post_source": {
          "source_app": "FB"
        }
      }
    ]
  },
  {
    "media": [
      {
        "uri": "media/posts/202002/83421786_176765713737995_8809007066165621080_n_17896183993442879.jpg",
        "creation_timestamp": 1581756613,
        "media_metadata": {
          "camera_metadata": {
            "has_camera_metadata": false
          }
        },
        "title": "",
        "cross_post_source": {
          "source_app": "FB"
        }
      },
      {
        "uri": "media/posts/202002/84540721_185561302701901_2258930048414018360_n_17842862018000215.jpg",
        "creation_timestamp": 1581756613,
        "media_metadata": {
          "camera_metadata": {
            "has_camera_metadata": false
          }
        },
        "title": "",
        "cross_post_source": {
          "source_app": "FB"
        }
      },
      {
        "uri": "media/posts/202002/84306009_2568637920079123_6316322390488967913_n_18128418709031360.jpg",
        "creation_timestamp": 1581756613,
        "media_metadata": {
          "camera_metadata": {
            "has_camera_metadata": false
          }
        },
        "title": "",
        "cross_post_source": {
          "source_app": "FB"
        }
      },
      {
        "uri": "media/posts/202002/84473826_630382634459188_7857625998880215209_n_17855156731780410.jpg",
        "creation_timestamp": 1581756613,
        "media_metadata": {
          "camera_metadata": {
            "has_camera_metadata": false
          }
        },
        "title": "",
        "cross_post_source": {
          "source_app": "FB"
        }
      },
      {
        "uri": "media/posts/202002/83895620_570924650180472_512605300633273864_n_17861857777710319.jpg",
        "creation_timestamp": 1581756613,
        "media_metadata": {
          "camera_metadata": {
            "has_camera_metadata": false
          }
        },
        "title": "",
        "cross_post_source": {
          "source_app": "FB"
        }
      }
    ],
    "title": "A night with the family relishing the true intrinsic beauty of the city.\n#Lakecity #Lakeside #AmbraiHaveli\n#FamilyTime #Flashback",
    "creation_timestamp": 1581756614
  },
  {
    "media": [
      {
        "uri": "media/posts/201905/59439612_307769326819089_4356664600678285453_n_18065317756025193.jpg",
        "creation_timestamp": 1557730199,
        "media_metadata": {
          "camera_metadata": {
            "has_camera_metadata": false
          }
        },
        "title": "",
        "cross_post_source": {
          "source_app": "FB"
        }
      },
      {
        "uri": "media/posts/201905/AQMTeSDzBy2VxjgZhmaF4T170fEjKWkFOev6Doswy8JXmCnKpKsj0tBd6btKpEx26mUJ1aegqjW8JquSkb1GYL8Z34GVO8nXoDniqs_18037555390188900.mp4",
        "creation_timestamp": 1557730199,
        "media_metadata": {
          "camera_metadata": {
            "has_camera_metadata": false
          }
        },
        "title": "",
        "cross_post_source": {
          "source_app": "FB"
        },
        "dubbing_info": [
          
        ],
        "media_variants": [
          
        ]
      },
      {
        "uri": "media/posts/201905/59335087_2004109079716384_2569309524287209262_n_17863865452387258.jpg",
        "creation_timestamp": 1557730199,
        "media_metadata": {
          "camera_metadata": {
            "has_camera_metadata": false
          }
        },
        "title": "",
        "cross_post_source": {
          "source_app": "FB"
        }
      },
      {
        "uri": "media/posts/201905/58468617_921457908185660_3853037367257172179_n_17895654304321474.jpg",
        "creation_timestamp": 1557730199,
        "media_metadata": {
          "camera_metadata": {
            "has_camera_metadata": false
          }
        },
        "title": "",
        "cross_post_source": {
          "source_app": "FB"
        }
      },
      {
        "uri": "media/posts/201905/58454077_179726769629199_7754301140861170061_n_18031982482158521.jpg",
        "creation_timestamp": 1557730199,
        "media_metadata": {
          "camera_metadata": {
            "has_camera_metadata": false
          }
        },
        "title": "",
        "cross_post_source": {
          "source_app": "FB"
        }
      }
    ],
    "title": "Life is a journey. Dont wait for it to end.\n#ExploreTheUntouched",
    "creation_timestamp": 1557730200
  },
  {
    "media": [
      {
        "uri": "media/posts/201810/44419988_2063230260363833_2330235241952306088_n_17902273849256371.jpg",
        "creation_timestamp": 1540659199,
        "media_metadata": {
          "camera_metadata": {
            "has_camera_metadata": false
          }
        },
        "title": "@Angel #PartyLover",
        "cross_post_source": {
          "source_app": "FB"
        }
      }
    ]
  },
  {
    "media": [
      {
        "uri": "media/posts/201810/41974767_252359382089129_1716096050233290105_n_17864495614287819.jpg",
        "creation_timestamp": 1538671722,
        "media_metadata": {
          "camera_metadata": {
            "has_camera_metadata": false
          }
        },
        "title": "",
        "cross_post_source": {
          "source_app": "FB"
        }
      },
      {
        "uri": "media/posts/201810/41898840_507557733042202_46429797405654058_n_17986026124005632.jpg",
        "creation_timestamp": 1538671722,
        "media_metadata": {
          "camera_metadata": {
            "has_camera_metadata": false
          }
        },
        "title": "",
        "cross_post_source": {
          "source_app": "FB"
        }
      },
      {
        "uri": "media/posts/201810/42114418_712583802453461_3109017176936562241_n_17950156792173806.jpg",
        "creation_timestamp": 1538671722,
        "media_metadata": {
          "camera_metadata": {
            "has_camera_metadata": false
          }
        },
        "title": "",
        "cross_post_source": {
          "source_app": "FB"
        }
      },
      {
        "uri": "media/posts/201810/41779132_573385873078046_6815076896709266463_n_17944450849194381.jpg",
        "creation_timestamp": 1538671722,
        "media_metadata": {
          "camera_metadata": {
            "has_camera_metadata": false
          }
        },
        "title": "",
        "cross_post_source": {
          "source_app": "FB"
        }
      },
      {
        "uri": "media/posts/201810/41931445_467315657114880_7683364684658587931_n_17923930348208888.jpg",
        "creation_timestamp": 1538671722,
        "media_metadata": {
          "camera_metadata": {
            "has_camera_metadata": false
          }
        },
        "title": "",
        "cross_post_source": {
          "source_app": "FB"
        }
      }
    ],
    "title": "Never wish for long life. Always wish for many memories to live with. Its not about how much you live, but how many memories you have to live with. # Explorer",
    "creation_timestamp": 1538671723
  },
  {
    "media": [
      {
        "uri": "media/posts/201809/40509677_245168366186640_1373454051107058358_n_17937221044196974.jpg",
        "creation_timestamp": 1536689237,
        "media_metadata": {
          "camera_metadata": {
            "has_camera_metadata": false
          }
        },
        "title": "",
        "cross_post_source": {
          "source_app": "FB"
        }
      },
      {
        "uri": "media/posts/201809/AQP3kcoMHf8eEzbHMCKJUVqJFEp7YdLBdcDqEl5DRDoubFm87lODOF7E7UVUtuT98wfqyM86WmsMHbcW2pQ2OJEYUJOVhXdSu0C2A_17977962190006776.mp4",
        "creation_timestamp": 1536689290,
        "media_metadata": {
          "camera_metadata": {
            "has_camera_metadata": false
          }
        },
        "title": "",
        "cross_post_source": {
          "source_app": "FB"
        },
        "dubbing_info": [
          
        ],
        "media_variants": [
          
        ]
      }
    ],
    "title": "When a kid tries to squeeze lemon of life and gets pounded in return . # food for life #relentless",
    "creation_timestamp": 1536689326
  },
  {
    "media": [
      {
        "uri": "media/posts/201808/38162661_319170525323010_8505212973357203456_n_17956446652099088.jpg",
        "creation_timestamp": 1534356297,
        "media_metadata": {
          "camera_metadata": {
            "has_camera_metadata": false
          }
        },
        "title": "",
        "cross_post_source": {
          "source_app": "FB"
        }
      }
    ]
  },
  {
    "media": [
      {
        "uri": "media/posts/201808/38627276_293215461436839_5972069763579379712_n_17895569107240263.jpg",
        "creation_timestamp": 1534356250,
        "media_metadata": {
          "camera_metadata": {
            "has_camera_metadata": false
          }
        },
        "title": "",
        "cross_post_source": {
          "source_app": "FB"
        }
      }
    ]
  },
  {
    "media": [
      {
        "uri": "media/posts/201705/18645907_1785819998374869_6349815818049552384_n_17857883167155662.jpg",
        "creation_timestamp": 1495984280,
        "media_metadata": {
          "camera_metadata": {
            "has_camera_metadata": false
          }
        },
        "title": "",
        "cross_post_source": {
          "source_app": "FB"
        }
      }
    ]
  },
  {
    "media": [
      {
        "uri": "media/posts/201705/18646315_1265446186885940_1406525450691280896_n_17859854938131312.jpg",
        "creation_timestamp": 1495964761,
        "media_metadata": {
          "camera_metadata": {
            "has_camera_metadata": false
          }
        },
        "title": "Walking rolling sliding trembling , still conquering the Himalayan Expedition.\nPic courtesy iKlikk",
        "cross_post_source": {
          "source_app": "FB"
        }
      }
    ]
  },
  {
    "media": [
      {
        "uri": "media/posts/201705/18723541_1432276350163368_1678132344902385664_n_17882213563038779.jpg",
        "creation_timestamp": 1495964334,
        "media_metadata": {
          "camera_metadata": {
            "has_camera_metadata": false
          }
        },
        "title": "A thrilling Himalayan Expedition.\nPic courtesy iKlikk",
        "cross_post_source": {
          "source_app": "FB"
        }
      }
    ]
  },
  {
    "media": [
      {
        "uri": "media/posts/201705/18645670_1687073084932778_8989922486799826944_n_17882314642058984.jpg",
        "creation_timestamp": 1495964191,
        "media_metadata": {
          "camera_metadata": {
            "has_camera_metadata": false
          }
        },
        "title": "On the way to SAR Pass in the lap of Himalayas\nConqueror\n13800ft trek",
        "cross_post_source": {
          "source_app": "FB"
        }
      }
    ]
  },
  {
    "media": [
      {
        "uri": "media/posts/201610/14624419_1848107115407388_3934843453690609664_n_17863733083011875.jpg",
        "creation_timestamp": 1476677985,
        "media_metadata": {
          "camera_metadata": {
            "has_camera_metadata": false
          }
        },
        "title": "Somewhat religious #holyNavratri",
        "cross_post_source": {
          "source_app": "FB"
        }
      }
    ]
  },
  {
    "media": [
      {
        "uri": "media/posts/201610/14565008_106172646519561_958370811926806528_n_17843076397177704.jpg",
        "creation_timestamp": 1476011546,
        "media_metadata": {
          "camera_metadata": {
            "has_camera_metadata": false
          }
        },
        "title": "Eeeeeeeee",
        "cross_post_source": {
          "source_app": "FB"
        }
      }
    ]
  },
  {
    "media": [
      {
        "uri": "media/posts/201609/14271986_303562196668426_4174615895684939776_n_17852848219108675.jpg",
        "creation_timestamp": 1474613912,
        "media_metadata": {
          "camera_metadata": {
            "has_camera_metadata": false
          }
        },
        "title": "Emmam n me...hint... Gonna be casted somewhere soon.",
        "cross_post_source": {
          "source_app": "FB"
        }
      }
    ]
  },
  {
    "media": [
      {
        "uri": "media/posts/201608/14052239_1780462915530623_1618461174_n_17854608466070043.jpg",
        "creation_timestamp": 1472308700,
        "media_metadata": {
          "camera_metadata": {
            "has_camera_metadata": false
          }
        },
        "title": "I am just good at it.",
        "cross_post_source": {
          "source_app": "FB"
        }
      }
    ]
  },
  {
    "media": [
      {
        "uri": "media/posts/201608/13704298_643347575829239_1722160018_n_17864422345051377.jpg",
        "creation_timestamp": 1471765185,
        "media_metadata": {
          "camera_metadata": {
            "has_camera_metadata": false
          }
        },
        "title": "All set",
        "cross_post_source": {
          "source_app": "FB"
        }
      }
    ]
  },
  {
    "media": [
      {
        "uri": "media/posts/201608/14026699_304997243186606_712410378_n_17851214989097954.jpg",
        "creation_timestamp": 1471765129,
        "media_metadata": {
          "camera_metadata": {
            "has_camera_metadata": false
          }
        },
        "title": "",
        "cross_post_source": {
          "source_app": "FB"
        }
      }
    ]
  },
  {
    "media": [
      {
        "uri": "media/posts/201608/13671146_319587648375660_1001437784_n_17860703752003478.jpg",
        "creation_timestamp": 1471505950,
        "media_metadata": {
          "camera_metadata": {
            "has_camera_metadata": false
          }
        },
        "title": "Happy rakshbandhan",
        "cross_post_source": {
          "source_app": "FB"
        }
      }
    ]
  },
  {
    "media": [
      {
        "uri": "media/posts/201608/13652043_225769304487415_1114807775_n_17860461940005108.jpg",
        "creation_timestamp": 1471505898,
        "media_metadata": {
          "camera_metadata": {
            "has_camera_metadata": false
          }
        },
        "title": "#rakshabandhan giippt",
        "cross_post_source": {
          "source_app": "FB"
        }
      }
    ]
  },
  {
    "media": [
      {
        "uri": "media/posts/201608/13827329_1219311428100772_1274175209_n_17860535101036918.jpg",
        "creation_timestamp": 1471190086,
        "media_metadata": {
          "camera_metadata": {
            "has_camera_metadata": false
          }
        },
        "title": "#Sundaytreat",
        "cross_post_source": {
          "source_app": "FB"
        }
      }
    ]
  },
  {
    "media": [
      {
        "uri": "media/posts/201608/13725771_749528681816334_1871169259_n_17862275047005151.jpg",
        "creation_timestamp": 1471113627,
        "media_metadata": {
          "camera_metadata": {
            "has_camera_metadata": false
          }
        },
        "title": "#Saturdaynight #Itsastrike",
        "cross_post_source": {
          "source_app": "FB"
        }
      }
    ]
  },
  {
    "media": [
      {
        "uri": "media/posts/201608/14033636_1757030104568715_362798934_n_17855033917065172.jpg",
        "creation_timestamp": 1471113205,
        "media_metadata": {
          "camera_metadata": {
            "has_camera_metadata": false
          }
        },
        "title": "#random",
        "cross_post_source": {
          "source_app": "FB"
        }
      }
    ]
  },
  {
    "media": [
      {
        "uri": "media/posts/201608/13734429_1414024892229351_1682316172_n_17850501838090339.jpg",
        "creation_timestamp": 1471029169,
        "media_metadata": {
          "camera_metadata": {
            "has_camera_metadata": false
          }
        },
        "title": "Feeling like back to college \u00f0\u009f\u008e\u0093 days",
        "cross_post_source": {
          "source_app": "FB"
        }
      }
    ]
  },
  {
    "media": [
      {
        "uri": "media/posts/201608/13736062_281807005509686_1252860693_n_17854457872070574.jpg",
        "creation_timestamp": 1471022961,
        "media_metadata": {
          "camera_metadata": {
            "has_camera_metadata": false
          }
        },
        "title": "Glimpse of something #new",
        "cross_post_source": {
          "source_app": "FB"
        }
      }
    ]
  },
  {
    "media": [
      {
        "uri": "media/posts/201608/13687124_1750856028521210_657229433_n_17851777846074179.jpg",
        "creation_timestamp": 1471022257,
        "media_metadata": {
          "camera_metadata": {
            "has_camera_metadata": false
          }
        },
        "title": "",
        "cross_post_source": {
          "source_app": "FB"
        }
      }
    ]
  },
  {
    "media": [
      {
        "uri": "media/posts/201608/13649396_664973856991784_637121485_n_17861002738008054.jpg",
        "creation_timestamp": 1471021879,
        "media_metadata": {
          "camera_metadata": {
            "has_camera_metadata": false
          }
        },
        "title": "Once upon a time with Chaddibuddy",
        "cross_post_source": {
          "source_app": "FB"
        }
      }
    ]
  },
  {
    "media": [
      {
        "uri": "media/posts/201608/13706918_651796051656965_391300056_n_17860691569062404.jpg",
        "creation_timestamp": 1471021715,
        "media_metadata": {
          "camera_metadata": {
            "has_camera_metadata": false
          }
        },
        "title": "Choti @powerpuf_girl",
        "cross_post_source": {
          "source_app": "FB"
        }
      }
    ]
  },
  {
    "media": [
      {
        "uri": "media/posts/201608/13703013_2092616157630458_1806767156_n_17860249924007613.jpg",
        "creation_timestamp": 1470943608,
        "media_metadata": {
          "camera_metadata": {
            "has_camera_metadata": false
          }
        },
        "title": "#Desilook #Dhotikurta",
        "cross_post_source": {
          "source_app": "FB"
        }
      }
    ]
  },
  {
    "media": [
      {
        "uri": "media/posts/201608/13774892_280743162299240_1957592749_n_17860211440036507.jpg",
        "creation_timestamp": 1470941636,
        "media_metadata": {
          "camera_metadata": {
            "has_camera_metadata": false
          }
        },
        "title": "Midnight calling across d globe",
        "cross_post_source": {
          "source_app": "FB"
        }
      }
    ]
  },
  {
    "media": [
      {
        "uri": "media/posts/201608/13767524_185577295194337_1007682175_n_17860310212012600.jpg",
        "creation_timestamp": 1470935124,
        "media_metadata": {
          "camera_metadata": {
            "has_camera_metadata": false
          }
        },
        "title": "#truth",
        "cross_post_source": {
          "source_app": "FB"
        }
      }
    ]
  },
  {
    "media": [
      {
        "uri": "media/posts/201608/AQPtHXlnQizjBoGgwwwe0M9BaJvnAKzw_KYbdYzB9ium93Kgunun3IkY1K6hvd124zRIM4IpoJHnv76D2HUlgGgDu4gyIWCX6Kb3E_17850718363099011.mp4",
        "creation_timestamp": 1470934920,
        "media_metadata": {
          "camera_metadata": {
            "has_camera_metadata": false
          }
        },
        "title": "Walk to remember #grandcanyen",
        "cross_post_source": {
          "source_app": "FB"
        },
        "dubbing_info": [
          
        ],
        "media_variants": [
          
        ]
      }
    ]
  },
  {
    "media": [
      {
        "uri": "media/posts/201608/13737099_1760673750884698_1125214608_n_17850403321125463.jpg",
        "creation_timestamp": 1470898225,
        "media_metadata": {
          "camera_metadata": {
            "has_camera_metadata": false
          }
        },
        "title": "Mere 3 anmol bacchhan",
        "cross_post_source": {
          "source_app": "FB"
        }
      }
    ]
  },
  {
    "media": [
      {
        "uri": "media/posts/201608/13741221_160169714415781_1957222985_n_17850615730105716.jpg",
        "creation_timestamp": 1470898078,
        "media_metadata": {
          "camera_metadata": {
            "has_camera_metadata": false
          }
        },
        "title": "#mogembo on the roadside",
        "cross_post_source": {
          "source_app": "FB"
        }
      }
    ]
  },
  {
    "media": [
      {
        "uri": "media/posts/201608/13740980_1576805559290357_2037560259_n_17859689161058648.jpg",
        "creation_timestamp": 1470897158,
        "media_metadata": {
          "camera_metadata": {
            "has_camera_metadata": false
          }
        },
        "title": "When you can't stop dancing on #kajarare",
        "cross_post_source": {
          "source_app": "FB"
        }
      }
    ]
  },
  {
    "media": [
      {
        "uri": "media/posts/201608/13741186_278068072571256_1076171313_n_17860018891037142.jpg",
        "creation_timestamp": 1470858206,
        "media_metadata": {
          "camera_metadata": {
            "has_camera_metadata": false
          }
        },
        "title": "Momma made the little ponny.",
        "cross_post_source": {
          "source_app": "FB"
        }
      }
    ]
  },
  {
    "media": [
      {
        "uri": "media/posts/201608/13732314_152783475157983_1284998046_n_17850715915102037.jpg",
        "creation_timestamp": 1470857653,
        "media_metadata": {
          "camera_metadata": {
            "has_camera_metadata": false
          }
        },
        "title": "",
        "cross_post_source": {
          "source_app": "FB"
        }
      }
    ]
  },
  {
    "media": [
      {
        "uri": "media/posts/201608/13732360_269791476740091_1350172482_n_17859720154003954.jpg",
        "creation_timestamp": 1470857382,
        "media_metadata": {
          "camera_metadata": {
            "has_camera_metadata": false
          }
        },
        "title": "Go go go",
        "cross_post_source": {
          "source_app": "FB"
        }
      }
    ]
  },
  {
    "media": [
      {
        "uri": "media/posts/201608/13744998_161628004265639_734599495_n_17850625351102448.jpg",
        "creation_timestamp": 1470856562,
        "media_metadata": {
          "camera_metadata": {
            "has_camera_metadata": false
          }
        },
        "title": "",
        "cross_post_source": {
          "source_app": "FB"
        }
      }
    ]
  },
  {
    "media": [
      {
        "uri": "media/posts/201608/13651733_1111164532273307_1117192070_n_17860801126055444.jpg",
        "creation_timestamp": 1470855804,
        "media_metadata": {
          "camera_metadata": {
            "has_camera_metadata": false
          }
        },
        "title": "",
        "cross_post_source": {
          "source_app": "FB"
        }
      }
    ]
  }
]