{
  "ig_stories": [
    {
      "uri": "media/stories/202310/AQOvIHNh6JKw6zOg7zuDBeVcfef0YNtMCxoSqCkZ93KCTzao918QFQ7U1tSvYAULMoL61ZIPCtP5os6f0McyuxHyXkp3bNP8o9lImA_17863799507981224.mp4",
      "creation_timestamp": 1697474187,
      "media_metadata": {
        "video_metadata": {
          "exif_data": [
            {
              "device_id": "android-33ca35239bd9deb9",
              "camera_position": "unknown",
              "date_time_original": "19040101T000000.000Z",
              "source_type": "reel_reshare"
            }
          ]
        },
        "camera_metadata": {
          "has_camera_metadata": false
        }
      },
      "title": "",
      "cross_post_source": {
        "source_app": "FB"
      },
      "dubbing_info": [
        
      ],
      "media_variants": [
        
      ]
    },
    {
      "uri": "media/stories/202306/AQN2Qz5T1HJowiWgP9MZdAwGsgq1PlmR3wr4XHhvYz4ncwukMYvZb4h5WQh79W430PEeQO_n8WORkpUHc2BuNs051yat6eHCyMvn_A4_17880064931892499.mp4",
      "creation_timestamp": 1687018465,
      "media_metadata": {
        "video_metadata": {
          "exif_data": [
            {
              "device_id": "android-33ca35239bd9deb9",
              "camera_position": "unknown",
              "date_time_original": "19040101T000000.000Z",
              "source_type": "reel_reshare"
            }
          ]
        },
        "camera_metadata": {
          "has_camera_metadata": false
        }
      },
      "title": "",
      "cross_post_source": {
        "source_app": "FB"
      },
      "dubbing_info": [
        
      ],
      "media_variants": [
        
      ]
    },
    {
      "uri": "media/stories/202302/330855952_743400210433524_4856605382398303661_n_18253468057178150.webp",
      "creation_timestamp": 1676383059,
      "media_metadata": {
        "photo_metadata": {
          "exif_data": [
            {
              "device_id": "android-33ca35239bd9deb9",
              "camera_position": "unknown",
              "source_type": "6"
            }
          ]
        },
        "camera_metadata": {
          "has_camera_metadata": false
        }
      },
      "title": "Happy Valentine's Day\n Betal\u00f0\u009f\u00a5\u00b0\u00f0\u009f\u0091\u00ba",
      "cross_post_source": {
        "source_app": "FB"
      }
    },
    {
      "uri": "media/stories/202302/330941097_183363327654719_4322140364287190122_n_17978932105951625.webp",
      "creation_timestamp": 1676382646,
      "media_metadata": {
        "photo_metadata": {
          "exif_data": [
            {
              "device_id": "android-33ca35239bd9deb9",
              "camera_position": "unknown",
              "source_type": "6"
            }
          ]
        },
        "camera_metadata": {
          "has_camera_metadata": false
        }
      },
      "title": "\u00f0\u009f\u00a5\u00b0",
      "cross_post_source": {
        "source_app": "FB"
      }
    },
    {
      "uri": "media/stories/202211/314991914_558100766156973_3448739906298090121_n_17966559880990874.jpg",
      "creation_timestamp": 1668140368,
      "media_metadata": {
        "photo_metadata": {
          "exif_data": [
            {
              "device_id": "android-33ca35239bd9deb9",
              "camera_position": "unknown",
              "source_type": "4"
            }
          ]
        },
        "camera_metadata": {
          "has_camera_metadata": false
        }
      },
      "title": "Happy birthday \n @neha__sharma94 \u00f0\u009f\u0090\u00b0\u00f0\u009f\u0092\u0083",
      "cross_post_source": {
        "source_app": "FB"
      }
    },
    {
      "uri": "media/stories/202211/315003030_1106537726714590_9219259235576473700_n_17843761886881225.jpg",
      "creation_timestamp": 1668140132,
      "media_metadata": {
        "photo_metadata": {
          "exif_data": [
            {
              "device_id": "android-33ca35239bd9deb9",
              "camera_position": "unknown",
              "source_type": "4"
            }
          ]
        },
        "camera_metadata": {
          "has_camera_metadata": false
        }
      },
      "title": "",
      "cross_post_source": {
        "source_app": "FB"
      }
    },
    {
      "uri": "media/stories/202208/AQN5drPevg9j7z6YFlut9nrttoTu5YIULWWKTwtX8o06LYk2PyTUWpVnlxQE2kBqV4o6gnPAmPREJbWUwQB6eAeBAMV9BIaJY20HI_17974672693632451.mp4",
      "creation_timestamp": 1660501273,
      "media_metadata": {
        "video_metadata": {
          "music_genre": "Indian Pop Music, Pop Music, Adult Alternative Pop Music",
          "exif_data": [
            {
              "device_id": "android-33ca35239bd9deb9",
              "camera_position": "unknown",
              "date_time_original": "20220814T181643.000Z",
              "source_type": "4"
            }
          ]
        },
        "camera_metadata": {
          "has_camera_metadata": false
        }
      },
      "title": "",
      "cross_post_source": {
        "source_app": "FB"
      },
      "dubbing_info": [
        
      ],
      "media_variants": [
        
      ]
    },
    {
      "uri": "media/stories/202207/AQNt1_ztLFYrzbJgF8v_pxeJLSdiX11Y6ufjQsQF9_p7rgTUhn1xstCLyjioPyh40Rc2Ptz2SzeaAFQnMgHZC2vrPdDAKtlgBJTsQ_17938923320268680.mp4",
      "creation_timestamp": 1658228594,
      "media_metadata": {
        "video_metadata": {
          "music_genre": "Pop Music, Indian Pop Music",
          "exif_data": [
            {
              "device_id": "android-33ca35239bd9deb9",
              "camera_position": "unknown",
              "date_time_original": "19040101T000000.000Z",
              "source_type": "reel_reshare"
            }
          ]
        },
        "camera_metadata": {
          "has_camera_metadata": false
        }
      },
      "title": "",
      "cross_post_source": {
        "source_app": "FB"
      },
      "dubbing_info": [
        
      ],
      "media_variants": [
        
      ]
    },
    {
      "uri": "media/stories/202207/291237594_430323232337411_3789128828437756632_n_17964205060741063.webp",
      "creation_timestamp": 1656691064,
      "media_metadata": {
        "photo_metadata": {
          "exif_data": [
            {
              "device_id": "android-33ca35239bd9deb9",
              "camera_position": "unknown",
              "source_type": "4"
            }
          ]
        },
        "camera_metadata": {
          "has_camera_metadata": false
        }
      },
      "title": "",
      "cross_post_source": {
        "source_app": "FB"
      }
    },
    {
      "uri": "media/stories/202203/277424747_1341212479739893_7598108100058751634_n_17966752819577137.webp",
      "creation_timestamp": 1648656880,
      "media_metadata": {
        "photo_metadata": {
          "exif_data": [
            {
              "device_id": "android-b6ac945f40b25d88",
              "camera_position": "unknown",
              "source_type": "reel_reshare"
            }
          ]
        },
        "camera_metadata": {
          "has_camera_metadata": false
        }
      },
      "title": "",
      "cross_post_source": {
        "source_app": "FB"
      }
    },
    {
      "uri": "media/stories/202203/AQO2CQcRxo4V0LM2EnEuxRqrOPsGULHU8nnZsKPAwq4mB4DZtwKlFh6Ae9w04owzLJvUfbeMxDpEBe_TLuKSgYLVisfi4H142McbuKc_17955073147641706.mp4",
      "creation_timestamp": 1646421947,
      "media_metadata": {
        "video_metadata": {
          "exif_data": [
            {
              "device_id": "android-b6ac945f40b25d88",
              "date_time_original": "19040101T000000.000Z",
              "source_type": "reel_reshare"
            }
          ]
        },
        "camera_metadata": {
          "has_camera_metadata": false
        }
      },
      "title": "",
      "cross_post_source": {
        "source_app": "FB"
      },
      "dubbing_info": [
        
      ],
      "media_variants": [
        
      ]
    },
    {
      "uri": "media/stories/202202/AQOuuPOWllkYvzKr_mPBG1iyyrJ1qQxbwkXmIUQqNOjjP9iHLfFFHabBquRm16mAfQAe8dJ9bZEIJrGsOjiEanbdw2ckxGFYrEINI_17892892985575589.mp4",
      "creation_timestamp": 1645212676,
      "media_metadata": {
        "video_metadata": {
          "music_genre": "Trip Hop Music, Indie Music, Holiday Music",
          "exif_data": [
            {
              "device_id": "android-b6ac945f40b25d88",
              "date_time_original": "19040101T000000.000Z",
              "source_type": "reel_reshare"
            }
          ]
        },
        "camera_metadata": {
          "has_camera_metadata": false
        }
      },
      "title": "",
      "cross_post_source": {
        "source_app": "FB"
      },
      "dubbing_info": [
        
      ],
      "media_variants": [
        
      ]
    },
    {
      "uri": "media/stories/202111/AQPmbVSbn7pWGfsJ34UL7ruMwub0zPf4pL9Cr6zCvmLypRd0B0zFKi3gphwznmvOcH4srnxWco1YBEPX7RSxFTwy_CMXaLejiNR0_17943530992626785.mp4",
      "creation_timestamp": 1636668201,
      "media_metadata": {
        "video_metadata": {
          "exif_data": [
            {
              "device_id": "android-0d96f67c1efaaa11",
              "date_time_original": "19040101T000000.000Z",
              "source_type": "4"
            }
          ]
        },
        "camera_metadata": {
          "has_camera_metadata": false
        }
      },
      "title": "@neha__sharma94",
      "cross_post_source": {
        "source_app": "FB"
      },
      "dubbing_info": [
        
      ],
      "media_variants": [
        
      ]
    },
    {
      "uri": "media/stories/202103/AQOgQkUVKziy03SW8Pu7g41nHTsQYghPkmaBdPhZAzqktPDqoMPvPFwFUXIKoTi0yrjWI7_hRPRopsIS50TMf_kgwRmyukhV9e9eew_17900323759838969.mp4",
      "creation_timestamp": 1615301535,
      "media_metadata": {
        "video_metadata": {
          "exif_data": [
            {
              "device_id": "android-0d96f67c1efaaa11",
              "date_time_original": "19040101T000000.000Z",
              "source_type": "4"
            }
          ]
        },
        "camera_metadata": {
          "has_camera_metadata": false
        }
      },
      "title": "",
      "cross_post_source": {
        "source_app": "FB"
      },
      "dubbing_info": [
        
      ],
      "media_variants": [
        
      ]
    },
    {
      "uri": "media/stories/202103/AQN4PRHNbU5qwZMlApBdo5GxjuHaaxTzn71Sw1GYL2AI6fnhWUJKu9_JZFttwYkW2AjbzebRK8Y3TeKjv0hnTa1QF9AzpAWtrH3LDE_17863393811373763.mp4",
      "creation_timestamp": 1615301534,
      "media_metadata": {
        "video_metadata": {
          "exif_data": [
            {
              "device_id": "android-0d96f67c1efaaa11",
              "date_time_original": "19040101T000000.000Z",
              "source_type": "4"
            }
          ]
        },
        "camera_metadata": {
          "has_camera_metadata": false
        }
      },
      "title": "",
      "cross_post_source": {
        "source_app": "FB"
      },
      "dubbing_info": [
        
      ],
      "media_variants": [
        
      ]
    },
    {
      "uri": "media/stories/202103/AQOYdrmBEGGwQQHMqNQGTE1lWyo1b4B_PQS1_eJ99yJrWwl_CPygVSlrliddPUgR9zqsINgDwzHZqyQf6ook4rHZQ1DFiHZy1bLgQ_17885811632010139.mp4",
      "creation_timestamp": 1615301242,
      "media_metadata": {
        "video_metadata": {
          "exif_data": [
            {
              "device_id": "android-0d96f67c1efaaa11",
              "date_time_original": "19040101T000000.000Z",
              "source_type": "4"
            }
          ]
        },
        "camera_metadata": {
          "has_camera_metadata": false
        }
      },
      "title": "",
      "cross_post_source": {
        "source_app": "FB"
      },
      "dubbing_info": [
        
      ],
      "media_variants": [
        
      ]
    },
    {
      "uri": "media/stories/202103/157477746_1560007327531164_4653863448745781518_n_17973413203366373.jpg",
      "creation_timestamp": 1615118496,
      "media_metadata": {
        "photo_metadata": {
          "exif_data": [
            {
              "scene_capture_type": "standard",
              "software": "Snapseed 2.0",
              "device_id": "android-0d96f67c1efaaa11",
              "date_time_original": "2021:03:04 18:28:36",
              "source_type": "4"
            }
          ]
        },
        "camera_metadata": {
          "has_camera_metadata": false
        }
      },
      "title": "",
      "cross_post_source": {
        "source_app": "FB"
      }
    },
    {
      "uri": "media/stories/202102/149501890_238323214600665_1484205860852210978_n_18101756227213003.jpg",
      "creation_timestamp": 1613323570,
      "media_metadata": {
        "photo_metadata": {
          "exif_data": [
            {
              "device_id": "android-0d96f67c1efaaa11",
              "source_type": "reel_reshare"
            }
          ]
        },
        "camera_metadata": {
          "has_camera_metadata": false
        }
      },
      "title": "",
      "cross_post_source": {
        "source_app": "FB"
      }
    },
    {
      "uri": "media/stories/202102/149845583_440324203957737_1859445816792433338_n_17885515903986220.jpg",
      "creation_timestamp": 1613323551,
      "media_metadata": {
        "photo_metadata": {
          "exif_data": [
            {
              "device_id": "android-0d96f67c1efaaa11",
              "source_type": "reel_reshare"
            }
          ]
        },
        "camera_metadata": {
          "has_camera_metadata": false
        }
      },
      "title": "",
      "cross_post_source": {
        "source_app": "FB"
      }
    },
    {
      "uri": "media/stories/202101/139243867_831314537427769_3365424311835024601_n_17877850088108860.jpg",
      "creation_timestamp": 1610626517,
      "media_metadata": {
        "camera_metadata": {
          "has_camera_metadata": false
        }
      },
      "title": "",
      "cross_post_source": {
        "source_app": "FB"
      }
    },
    {
      "uri": "media/stories/202101/AQMp50jNsq3R0kZKsKJBzlZ98V1w1dY3WwgL3fQyo4LwrQRSJw4dkFGbAiU52MBEHrRfxjPaQW44Q1NkW2aMFEUXJZRhl7CamlSTs_17939419069442143.mp4",
      "creation_timestamp": 1610626277,
      "media_metadata": {
        "camera_metadata": {
          "has_camera_metadata": false
        }
      },
      "title": "",
      "cross_post_source": {
        "source_app": "FB"
      },
      "dubbing_info": [
        
      ],
      "media_variants": [
        
      ]
    },
    {
      "uri": "media/stories/202101/137694999_319258212721029_7102214390094949242_n_17881271057055477.jpg",
      "creation_timestamp": 1610626064,
      "media_metadata": {
        "camera_metadata": {
          "has_camera_metadata": false
        }
      },
      "title": "",
      "cross_post_source": {
        "source_app": "FB"
      }
    },
    {
      "uri": "media/stories/202101/137664754_784889482140352_6011386814457242219_n_17871724706161006.jpg",
      "creation_timestamp": 1610626040,
      "media_metadata": {
        "camera_metadata": {
          "has_camera_metadata": false
        }
      },
      "title": "",
      "cross_post_source": {
        "source_app": "FB"
      }
    },
    {
      "uri": "media/stories/202101/AQPGM3fr1w6lbFq9r65fegZf9qbOaDGQYNehLu_Wp0JsvH1T9UMc9TwD4lA4YB71jqn2eQSFWzMR8z0XyLVY9jbc6_0idnTp1YWA_18184164757016942.mp4",
      "creation_timestamp": 1610625999,
      "media_metadata": {
        "camera_metadata": {
          "has_camera_metadata": false
        }
      },
      "title": "",
      "cross_post_source": {
        "source_app": "FB"
      },
      "dubbing_info": [
        
      ],
      "media_variants": [
        
      ]
    },
    {
      "uri": "media/stories/202101/AQPHIg4LPwcQ7Se1iNjv8enKQDcf9bo9HgULLMbib62C2Q2knVMcJJnQoizfDspHDTKWQStuy86XWkMYogjaSWiVdMpzybtExiJ0xe0_17903242567718273.mp4",
      "creation_timestamp": 1610625997,
      "media_metadata": {
        "camera_metadata": {
          "has_camera_metadata": false
        }
      },
      "title": "",
      "cross_post_source": {
        "source_app": "FB"
      },
      "dubbing_info": [
        
      ],
      "media_variants": [
        
      ]
    },
    {
      "uri": "media/stories/202101/AQPpn_CypcAlJrhJihg3Ql5KMSxHkqgJg3bw2_xcr3EPHRAyL9ORoyMQh0QAsua_GuE8U_qKFpWylVsmKbSmpwu3yqfiFCMq9Cbg_17952613270396822.mp4",
      "creation_timestamp": 1610625996,
      "media_metadata": {
        "camera_metadata": {
          "has_camera_metadata": false
        }
      },
      "title": "",
      "cross_post_source": {
        "source_app": "FB"
      },
      "dubbing_info": [
        
      ],
      "media_variants": [
        
      ]
    },
    {
      "uri": "media/stories/202101/137592510_831538214094020_6197092593502397068_n_17884857421915918.jpg",
      "creation_timestamp": 1610295285,
      "media_metadata": {
        "camera_metadata": {
          "has_camera_metadata": false
        }
      },
      "title": "",
      "cross_post_source": {
        "source_app": "FB"
      }
    },
    {
      "uri": "media/stories/202012/132572695_738765440353659_2938520484951687725_n_18181066549042650.jpg",
      "creation_timestamp": 1608884802,
      "media_metadata": {
        "camera_metadata": {
          "has_camera_metadata": false
        }
      },
      "title": "",
      "cross_post_source": {
        "source_app": "FB"
      }
    },
    {
      "uri": "media/stories/202012/130754141_4711102192298402_7751300243248964013_n_17880653911944664.jpg",
      "creation_timestamp": 1607418770,
      "media_metadata": {
        "camera_metadata": {
          "has_camera_metadata": false
        }
      },
      "title": "",
      "cross_post_source": {
        "source_app": "FB"
      }
    }
  ]
}