{
  "saved_saved_collections": [
    {
      "title": "Collection",
      "string_map_data": {
        "Name": {
          "value": "Dev"
        },
        "Creation Time": {
          "timestamp": 1739420336
        },
        "Update Time": {
          "timestamp": 1739420337
        }
      }
    },
    {
      "string_map_data": {
        "Name": {
          "href": "https://www.instagram.com/reel/DGZXb8Ptx_S/",
          "value": "sabrina_ramonov"
        },
        "Added Time": {
          "timestamp": 1743857473
        }
      }
    },
    {
      "string_map_data": {
        "Name": {
          "href": "https://www.instagram.com/reel/DCO3Uv0PBqY/",
          "value": "creatorvales"
        },
        "Added Time": {
          "timestamp": 1739689898
        }
      }
    },
    {
      "string_map_data": {
        "Name": {
          "href": "https://www.instagram.com/reel/DFioFOkgqQK/",
          "value": "valzigo"
        },
        "Added Time": {
          "timestamp": 1739638791
        }
      }
    },
    {
      "string_map_data": {
        "Name": {
          "href": "https://www.instagram.com/reel/DBv0c8yhUgF/",
          "value": "nivedan.ai"
        },
        "Added Time": {
          "timestamp": 1739420590
        }
      }
    },
    {
      "string_map_data": {
        "Name": {
          "href": "https://www.instagram.com/reel/DF7-XWcMAMS/",
          "value": "endless_success___"
        },
        "Added Time": {
          "timestamp": 1739420336
        }
      }
    },
    {
      "title": "Collection",
      "string_map_data": {
        "Name": {
          "value": "Health"
        },
        "Creation Time": {
          "timestamp": 1739690238
        },
        "Update Time": {
          "timestamp": 1739690238
        }
      }
    },
    {
      "string_map_data": {
        "Name": {
          "href": "https://www.instagram.com/reel/DGV26leT3qk/",
          "value": "ritik_fitness5"
        },
        "Added Time": {
          "timestamp": 1743354233
        }
      }
    },
    {
      "string_map_data": {
        "Name": {
          "href": "https://www.instagram.com/reel/DFXzCYCswy3/",
          "value": "womenmakingmoney_"
        },
        "Added Time": {
          "timestamp": 1742757064
        }
      }
    },
    {
      "string_map_data": {
        "Name": {
          "href": "https://www.instagram.com/reel/DEPkWFMSfuQ/",
          "value": "theethicalwriter"
        },
        "Added Time": {
          "timestamp": 1740421422
        }
      }
    },
    {
      "string_map_data": {
        "Name": {
          "href": "https://www.instagram.com/reel/DBwDfFjIzNV/",
          "value": "allaboutwanderlust_"
        },
        "Added Time": {
          "timestamp": 1740421322
        }
      }
    },
    {
      "string_map_data": {
        "Name": {
          "href": "https://www.instagram.com/reel/DBSuQQ5OPye/",
          "value": "violadavis"
        },
        "Added Time": {
          "timestamp": 1740421176
        }
      }
    },
    {
      "string_map_data": {
        "Name": {
          "href": "https://www.instagram.com/p/DF5J85DCber/",
          "value": "anousheyashraf"
        },
        "Added Time": {
          "timestamp": 1740421061
        }
      }
    },
    {
      "string_map_data": {
        "Name": {
          "href": "https://www.instagram.com/reel/DEyoyB_xMo4/",
          "value": "belmarversity"
        },
        "Added Time": {
          "timestamp": 1740420866
        }
      }
    },
    {
      "string_map_data": {
        "Name": {
          "href": "https://www.instagram.com/reel/DFhTkuWIiLh/",
          "value": "swapasthetics"
        },
        "Added Time": {
          "timestamp": 1739690238
        }
      }
    },
    {
      "title": "Collection",
      "string_map_data": {
        "Name": {
          "value": "Bday"
        },
        "Creation Time": {
          "timestamp": 1730984514
        },
        "Update Time": {
          "timestamp": 1731099237
        }
      }
    },
    {
      "string_map_data": {
        "Name": {
          "href": "https://www.instagram.com/reel/DAIwT2zSSKV/",
          "value": "coupleontoes"
        },
        "Added Time": {
          "timestamp": 1730984513
        }
      }
    },
    {
      "title": "Collection",
      "string_map_data": {
        "Name": {
          "value": "Garba workshop"
        },
        "Creation Time": {
          "timestamp": 1727025982
        },
        "Update Time": {
          "timestamp": 1727513171
        }
      }
    },
    {
      "string_map_data": {
        "Name": {
          "href": "https://www.instagram.com/reel/DAfwV5YvlF6/",
          "value": "i_m_parth_rana"
        },
        "Added Time": {
          "timestamp": 1728161040
        }
      }
    },
    {
      "string_map_data": {
        "Name": {
          "href": "https://www.instagram.com/reel/C9NPxOkIeSQ/",
          "value": "star_of_streets"
        },
        "Added Time": {
          "timestamp": 1728043184
        }
      }
    },
    {
      "string_map_data": {
        "Name": {
          "href": "https://www.instagram.com/reel/C9ppN49NR5J/",
          "value": "ibhartiisingh"
        },
        "Added Time": {
          "timestamp": 1728043076
        }
      }
    },
    {
      "string_map_data": {
        "Name": {
          "href": "https://www.instagram.com/reel/DAbIGmNvMxJ/",
          "value": "salonisdancestudio"
        },
        "Added Time": {
          "timestamp": 1727635879
        }
      }
    },
    {
      "string_map_data": {
        "Name": {
          "href": "https://www.instagram.com/reel/DAYiw91u2uD/",
          "value": "om_bridal_studio"
        },
        "Added Time": {
          "timestamp": 1727512855
        }
      }
    },
    {
      "string_map_data": {
        "Name": {
          "href": "https://www.instagram.com/reel/DAPHAw_JKmz/",
          "value": "bangalorepartyanimals"
        },
        "Added Time": {
          "timestamp": 1727437450
        }
      }
    },
    {
      "string_map_data": {
        "Name": {
          "href": "https://www.instagram.com/p/DASNkULSqvI/",
          "value": "desiclans"
        },
        "Added Time": {
          "timestamp": 1727437050
        }
      }
    },
    {
      "string_map_data": {
        "Name": {
          "href": "https://www.instagram.com/p/C_h-UAHBVOh/",
          "value": "kalakaar_theartsstudio"
        },
        "Added Time": {
          "timestamp": 1727436863
        }
      }
    },
    {
      "string_map_data": {
        "Name": {
          "href": "https://www.instagram.com/p/DAVogiDMD9J/",
          "value": "dtowndanceandfitnessstudio"
        },
        "Added Time": {
          "timestamp": 1727436846
        }
      }
    },
    {
      "string_map_data": {
        "Name": {
          "href": "https://www.instagram.com/p/C_r72MnSPT-/",
          "value": "desiclans"
        },
        "Added Time": {
          "timestamp": 1727436796
        }
      }
    },
    {
      "string_map_data": {
        "Name": {
          "href": "https://www.instagram.com/p/DARFhyBT11t/",
          "value": "bloombysushmita"
        },
        "Added Time": {
          "timestamp": 1727436763
        }
      }
    },
    {
      "string_map_data": {
        "Name": {
          "href": "https://www.instagram.com/p/C_2vhWZSt7v/",
          "value": "desiclans"
        },
        "Added Time": {
          "timestamp": 1727436734
        }
      }
    },
    {
      "string_map_data": {
        "Name": {
          "href": "https://www.instagram.com/p/DAPuTd_CI_A/",
          "value": "kiran.kumar323"
        },
        "Added Time": {
          "timestamp": 1727436708
        }
      }
    },
    {
      "string_map_data": {
        "Name": {
          "href": "https://www.instagram.com/reel/DALarrGytGS/",
          "value": "sheena_chaudhary"
        },
        "Added Time": {
          "timestamp": 1727436654
        }
      }
    },
    {
      "string_map_data": {
        "Name": {
          "href": "https://www.instagram.com/p/C_dN9AOPCBH/",
          "value": "dance_with_specs"
        },
        "Added Time": {
          "timestamp": 1727436603
        }
      }
    },
    {
      "string_map_data": {
        "Name": {
          "href": "https://www.instagram.com/p/DAU_Wu0yI-L/",
          "value": "desiclans"
        },
        "Added Time": {
          "timestamp": 1727436545
        }
      }
    },
    {
      "string_map_data": {
        "Name": {
          "href": "https://www.instagram.com/p/DAQrEJISKlO/",
          "value": "houseofstorieshostel"
        },
        "Added Time": {
          "timestamp": 1727436299
        }
      }
    },
    {
      "string_map_data": {
        "Name": {
          "href": "https://www.instagram.com/reel/DAGLtanytES/",
          "value": "goodmove_studios"
        },
        "Added Time": {
          "timestamp": 1727025982
        }
      }
    },
    {
      "title": "Collection",
      "string_map_data": {
        "Name": {
          "value": "Travel"
        },
        "Creation Time": {
          "timestamp": 1639555607
        },
        "Update Time": {
          "timestamp": 1698330207
        }
      }
    },
    {
      "string_map_data": {
        "Name": {
          "href": "https://www.instagram.com/reel/DAJIigmRCu3/",
          "value": "lojapatriciarodrigues"
        },
        "Added Time": {
          "timestamp": 1727068185
        }
      }
    },
    {
      "string_map_data": {
        "Name": {
          "href": "https://www.instagram.com/reel/CyQjZ1FMJE7/",
          "value": "lukepatrickh"
        },
        "Added Time": {
          "timestamp": 1697727392
        }
      }
    },
    {
      "string_map_data": {
        "Name": {
          "href": "https://www.instagram.com/reel/Cw2gHxCRADm/",
          "value": "rehcreate"
        },
        "Added Time": {
          "timestamp": 1696195291
        }
      }
    },
    {
      "string_map_data": {
        "Name": {
          "href": "https://www.instagram.com/reel/CxhTJ6YtlWB/",
          "value": "okamahendraid"
        },
        "Added Time": {
          "timestamp": 1696192994
        }
      }
    },
    {
      "string_map_data": {
        "Name": {
          "href": "https://www.instagram.com/reel/CpAZttDLBcG/",
          "value": "reshionbusiness"
        },
        "Added Time": {
          "timestamp": 1678076875
        }
      }
    },
    {
      "string_map_data": {
        "Name": {
          "href": "https://www.instagram.com/tv/CWZty61J92k/",
          "value": "camerawalebhaiya"
        },
        "Added Time": {
          "timestamp": 1639555608
        }
      }
    },
    {
      "title": "Collection",
      "string_map_data": {
        "Name": {
          "value": "Song"
        },
        "Creation Time": {
          "timestamp": 1704022159
        },
        "Update Time": {
          "timestamp": 1704022159
        }
      }
    },
    {
      "string_map_data": {
        "Name": {
          "href": "https://www.instagram.com/reel/C1R4RU0sphH/",
          "value": "zachseabaugh"
        },
        "Added Time": {
          "timestamp": 1704022158
        }
      }
    },
    {
      "title": "Collection",
      "string_map_data": {
        "Name": {
          "value": "Fitness"
        },
        "Creation Time": {
          "timestamp": 1739420392
        },
        "Update Time": {
          "timestamp": 1739420393
        }
      }
    },
    {
      "string_map_data": {
        "Name": {
          "href": "https://www.instagram.com/reel/DE2vvB6ILNL/",
          "value": "valzigo"
        },
        "Added Time": {
          "timestamp": 1740421380
        }
      }
    },
    {
      "string_map_data": {
        "Name": {
          "href": "https://www.instagram.com/reel/DAGjENzImeP/",
          "value": "wealth.whizz"
        },
        "Added Time": {
          "timestamp": 1740420939
        }
      }
    },
    {
      "string_map_data": {
        "Name": {
          "href": "https://www.instagram.com/reel/DExGEgEtiDD/",
          "value": "fitwithdea"
        },
        "Added Time": {
          "timestamp": 1739420392
        }
      }
    },
    {
      "title": "Collection",
      "string_map_data": {
        "Name": {
          "value": "Travel"
        },
        "Creation Time": {
          "timestamp": 1698993385
        },
        "Update Time": {
          "timestamp": 1721881036
        }
      }
    },
    {
      "string_map_data": {
        "Name": {
          "href": "https://www.instagram.com/reel/DHY5Keaz3_f/",
          "value": "theldnfamily"
        },
        "Added Time": {
          "timestamp": 1742965956
        }
      }
    },
    {
      "string_map_data": {
        "Name": {
          "href": "https://www.instagram.com/reel/DGfy4kYoU82/",
          "value": "vinitamungi_plantbased"
        },
        "Added Time": {
          "timestamp": 1740578138
        }
      }
    },
    {
      "string_map_data": {
        "Name": {
          "href": "https://www.instagram.com/reel/DAqsYHstc2z/",
          "value": "zostel"
        },
        "Added Time": {
          "timestamp": 1728043220
        }
      }
    },
    {
      "string_map_data": {
        "Name": {
          "href": "https://www.instagram.com/p/C-uVQeWuKB0/",
          "value": "jaiswalpragya"
        },
        "Added Time": {
          "timestamp": 1723804380
        }
      }
    },
    {
      "string_map_data": {
        "Name": {
          "href": "https://www.instagram.com/p/C9ker7ySCfy/",
          "value": "thewanderfullylostduo"
        },
        "Added Time": {
          "timestamp": 1721840010
        }
      }
    },
    {
      "string_map_data": {
        "Name": {
          "href": "https://www.instagram.com/reel/C1UmU7xJW2L/",
          "value": "luckii_mee"
        },
        "Added Time": {
          "timestamp": 1704219623
        }
      }
    },
    {
      "string_map_data": {
        "Name": {
          "href": "https://www.instagram.com/reel/C1PK5exyKLq/",
          "value": "thewanderfullylostduo"
        },
        "Added Time": {
          "timestamp": 1703502240
        }
      }
    },
    {
      "string_map_data": {
        "Name": {
          "href": "https://www.instagram.com/reel/C0yC9TXvQW7/",
          "value": "wanderwithsky"
        },
        "Added Time": {
          "timestamp": 1703403004
        }
      }
    },
    {
      "string_map_data": {
        "Name": {
          "href": "https://www.instagram.com/reel/C0IqOstPb38/",
          "value": "bumptobabyy"
        },
        "Added Time": {
          "timestamp": 1701062371
        }
      }
    },
    {
      "string_map_data": {
        "Name": {
          "href": "https://www.instagram.com/p/CzalyXANr8R/",
          "value": "aakritiranaofficial"
        },
        "Added Time": {
          "timestamp": 1700826191
        }
      }
    },
    {
      "string_map_data": {
        "Name": {
          "href": "https://www.instagram.com/reel/CyGF-crI4V5/",
          "value": "mrs_hotpoison"
        },
        "Added Time": {
          "timestamp": 1700076202
        }
      }
    },
    {
      "string_map_data": {
        "Name": {
          "href": "https://www.instagram.com/reel/Cwh2yZHsRLI/",
          "value": "jank_ee"
        },
        "Added Time": {
          "timestamp": 1699291744
        }
      }
    },
    {
      "string_map_data": {
        "Name": {
          "href": "https://www.instagram.com/reel/CzBxopeq1kA/",
          "value": "aakanksha.monga"
        },
        "Added Time": {
          "timestamp": 1698993385
        }
      }
    },
    {
      "title": "Collection",
      "string_map_data": {
        "Name": {
          "value": "Himachal"
        },
        "Creation Time": {
          "timestamp": 1719637687
        },
        "Update Time": {
          "timestamp": 1719637688
        }
      }
    },
    {
      "string_map_data": {
        "Name": {
          "href": "https://www.instagram.com/reel/C8PB7RTyXBw/",
          "value": "shivesh17"
        },
        "Added Time": {
          "timestamp": 1720333402
        }
      }
    },
    {
      "string_map_data": {
        "Name": {
          "href": "https://www.instagram.com/reel/C7mEeTHOAry/",
          "value": "thegingerwanderlust"
        },
        "Added Time": {
          "timestamp": 1720333358
        }
      }
    },
    {
      "string_map_data": {
        "Name": {
          "href": "https://www.instagram.com/reel/CvzpvDmoSGN/",
          "value": "twopassportsonthego"
        },
        "Added Time": {
          "timestamp": 1719728431
        }
      }
    },
    {
      "string_map_data": {
        "Name": {
          "href": "https://www.instagram.com/reel/CdFvIuvsesG/",
          "value": "travelwithshru"
        },
        "Added Time": {
          "timestamp": 1719637726
        }
      }
    },
    {
      "string_map_data": {
        "Name": {
          "href": "https://www.instagram.com/reel/C6_Z95vMzqE/",
          "value": "believetravellove"
        },
        "Added Time": {
          "timestamp": 1719637687
        }
      }
    },
    {
      "title": "Collection",
      "string_map_data": {
        "Name": {
          "value": "Work from mountain"
        },
        "Creation Time": {
          "timestamp": 1715376602
        },
        "Update Time": {
          "timestamp": 1715376603
        }
      }
    },
    {
      "string_map_data": {
        "Name": {
          "href": "https://www.instagram.com/reel/Ct_yDkbKOY6/",
          "value": "thepurplestones"
        },
        "Added Time": {
          "timestamp": 1715378869
        }
      }
    },
    {
      "string_map_data": {
        "Name": {
          "href": "https://www.instagram.com/p/C6jMKOJyv6b/",
          "value": "thechirpingnest"
        },
        "Added Time": {
          "timestamp": 1715378808
        }
      }
    },
    {
      "string_map_data": {
        "Name": {
          "href": "https://www.instagram.com/reel/CPX9JdCjvsY/",
          "value": "thewanderingpatronus"
        },
        "Added Time": {
          "timestamp": 1715376603
        }
      }
    },
    {
      "title": "Collection",
      "string_map_data": {
        "Name": {
          "value": "Garba reel"
        },
        "Creation Time": {
          "timestamp": 1697473319
        },
        "Update Time": {
          "timestamp": 1698071162
        }
      }
    },
    {
      "string_map_data": {
        "Name": {
          "href": "https://www.instagram.com/reel/DEfZHHDz4Co/",
          "value": "imagecoachshivani"
        },
        "Added Time": {
          "timestamp": 1736183007
        }
      }
    },
    {
      "string_map_data": {
        "Name": {
          "href": "https://www.instagram.com/reel/DAclHi6gCHJ/",
          "value": "sunshine_beauty_care_"
        },
        "Added Time": {
          "timestamp": 1727866296
        }
      }
    },
    {
      "string_map_data": {
        "Name": {
          "href": "https://www.instagram.com/reel/DAgObgFI_uJ/",
          "value": "anushkahazraa"
        },
        "Added Time": {
          "timestamp": 1727705937
        }
      }
    },
    {
      "string_map_data": {
        "Name": {
          "href": "https://www.instagram.com/reel/CvnHYKENNyT/",
          "value": "bepanah.ishqq"
        },
        "Added Time": {
          "timestamp": 1697604675
        }
      }
    },
    {
      "string_map_data": {
        "Name": {
          "href": "https://www.instagram.com/reel/CwKfy8zoRKf/",
          "value": "dancewithct__"
        },
        "Added Time": {
          "timestamp": 1697478008
        }
      }
    },
    {
      "string_map_data": {
        "Name": {
          "href": "https://www.instagram.com/reel/CyFafaCp4qU/",
          "value": "hame_photography"
        },
        "Added Time": {
          "timestamp": 1697475984
        }
      }
    },
    {
      "string_map_data": {
        "Name": {
          "href": "https://www.instagram.com/reel/CyGT95Ste35/",
          "value": "mitalisdance"
        },
        "Added Time": {
          "timestamp": 1697475372
        }
      }
    },
    {
      "string_map_data": {
        "Name": {
          "href": "https://www.instagram.com/reel/CyK1XUiuxtf/",
          "value": "kiara_sunny_harjani"
        },
        "Added Time": {
          "timestamp": 1697473319
        }
      }
    },
    {
      "title": "Collection",
      "string_map_data": {
        "Name": {
          "value": "Garba"
        },
        "Creation Time": {
          "timestamp": 1695905790
        },
        "Update Time": {
          "timestamp": 1696860021
        }
      }
    },
    {
      "string_map_data": {
        "Name": {
          "href": "https://www.instagram.com/reel/CxLANxvPQEa/",
          "value": "togetherfordance"
        },
        "Added Time": {
          "timestamp": 1696195480
        }
      }
    },
    {
      "string_map_data": {
        "Name": {
          "href": "https://www.instagram.com/reel/CxrrLNBBViu/",
          "value": "sonuagarwal.1"
        },
        "Added Time": {
          "timestamp": 1695908186
        }
      }
    },
    {
      "string_map_data": {
        "Name": {
          "href": "https://www.instagram.com/p/CxuUzvZS7Fl/",
          "value": "emceeshah"
        },
        "Added Time": {
          "timestamp": 1695905790
        }
      }
    }
  ]
}