{
  "saved_saved_media": [
    {
      "title": "wanderwithsky",
      "string_map_data": {
        "Saved on": {
          "href": "https://www.instagram.com/reel/DLB9pEyztZo/",
          "timestamp": 1752335424
        }
      }
    },
    {
      "title": "sabrina_ramonov",
      "string_map_data": {
        "Saved on": {
          "href": "https://www.instagram.com/reel/DGZXb8Ptx_S/",
          "timestamp": 1743857467
        }
      }
    },
    {
      "title": "ritik_fitness5",
      "string_map_data": {
        "Saved on": {
          "href": "https://www.instagram.com/reel/DGV26leT3qk/",
          "timestamp": 1743354227
        }
      }
    },
    {
      "title": "womenmakingmoney_",
      "string_map_data": {
        "Saved on": {
          "href": "https://www.instagram.com/reel/DFXzCYCswy3/",
          "timestamp": 1742757054
        }
      }
    },
    {
      "title": "officespaceprovider",
      "string_map_data": {
        "Saved on": {
          "href": "https://www.instagram.com/p/DEnVxaWAqZg/",
          "timestamp": 1741810118
        }
      }
    },
    {
      "title": "theethicalwriter",
      "string_map_data": {
        "Saved on": {
          "href": "https://www.instagram.com/reel/DEPkWFMSfuQ/",
          "timestamp": 1740421420
        }
      }
    },
    {
      "title": "valzigo",
      "string_map_data": {
        "Saved on": {
          "href": "https://www.instagram.com/reel/DE2vvB6ILNL/",
          "timestamp": 1740421379
        }
      }
    },
    {
      "title": "allaboutwanderlust_",
      "string_map_data": {
        "Saved on": {
          "href": "https://www.instagram.com/reel/DBwDfFjIzNV/",
          "timestamp": 1740421318
        }
      }
    },
    {
      "title": "violadavis",
      "string_map_data": {
        "Saved on": {
          "href": "https://www.instagram.com/reel/DBSuQQ5OPye/",
          "timestamp": 1740421174
        }
      }
    },
    {
      "title": "anousheyashraf",
      "string_map_data": {
        "Saved on": {
          "href": "https://www.instagram.com/p/DF5J85DCber/",
          "timestamp": 1740421058
        }
      }
    },
    {
      "title": "wealth.whizz",
      "string_map_data": {
        "Saved on": {
          "href": "https://www.instagram.com/reel/DAGjENzImeP/",
          "timestamp": 1740420936
        }
      }
    },
    {
      "title": "belmarversity",
      "string_map_data": {
        "Saved on": {
          "href": "https://www.instagram.com/reel/DEyoyB_xMo4/",
          "timestamp": 1740420859
        }
      }
    },
    {
      "title": "swapasthetics",
      "string_map_data": {
        "Saved on": {
          "href": "https://www.instagram.com/reel/DFhTkuWIiLh/",
          "timestamp": 1739690217
        }
      }
    },
    {
      "title": "creatorvales",
      "string_map_data": {
        "Saved on": {
          "href": "https://www.instagram.com/reel/DCO3Uv0PBqY/",
          "timestamp": 1739689889
        }
      }
    },
    {
      "title": "valzigo",
      "string_map_data": {
        "Saved on": {
          "href": "https://www.instagram.com/reel/DFioFOkgqQK/",
          "timestamp": 1739638786
        }
      }
    },
    {
      "title": "nivedan.ai",
      "string_map_data": {
        "Saved on": {
          "href": "https://www.instagram.com/reel/DBv0c8yhUgF/",
          "timestamp": 1739420588
        }
      }
    },
    {
      "title": "fitwithdea",
      "string_map_data": {
        "Saved on": {
          "href": "https://www.instagram.com/reel/DExGEgEtiDD/",
          "timestamp": 1739420368
        }
      }
    },
    {
      "title": "endless_success___",
      "string_map_data": {
        "Saved on": {
          "href": "https://www.instagram.com/reel/DF7-XWcMAMS/",
          "timestamp": 1739420318
        }
      }
    },
    {
      "title": "whatshotbangalore",
      "string_map_data": {
        "Saved on": {
          "href": "https://www.instagram.com/reel/DFAqBByPlto/",
          "timestamp": 1737435300
        }
      }
    },
    {
      "title": "manifestationwomen.co",
      "string_map_data": {
        "Saved on": {
          "href": "https://www.instagram.com/reel/DDW0sCAtnjx/",
          "timestamp": 1736945973
        }
      }
    },
    {
      "title": "zacharylaid",
      "string_map_data": {
        "Saved on": {
          "href": "https://www.instagram.com/p/DEWkeunxR01/",
          "timestamp": 1736018416
        }
      }
    },
    {
      "title": "fuddu_sperm",
      "string_map_data": {
        "Saved on": {
          "href": "https://www.instagram.com/p/DEX2EAdz3Ns/",
          "timestamp": 1735930851
        }
      }
    },
    {
      "title": "khanaindiakaofficiall",
      "string_map_data": {
        "Saved on": {
          "href": "https://www.instagram.com/reel/DD3uJJiBUQJ/",
          "timestamp": 1735191004
        }
      }
    },
    {
      "title": "trippyjodi",
      "string_map_data": {
        "Saved on": {
          "href": "https://www.instagram.com/reel/DDRH-MGTKGV/",
          "timestamp": 1734370722
        }
      }
    },
    {
      "title": "huntupbengaluru",
      "string_map_data": {
        "Saved on": {
          "href": "https://www.instagram.com/p/DDd83P1yNpr/",
          "timestamp": 1734246668
        }
      }
    },
    {
      "title": "yogi_travelling",
      "string_map_data": {
        "Saved on": {
          "href": "https://www.instagram.com/reel/DAVJrtNxWh5/",
          "timestamp": 1731905694
        }
      }
    },
    {
      "title": "fitly_india",
      "string_map_data": {
        "Saved on": {
          "href": "https://www.instagram.com/reel/DCLyJrwu1YM/",
          "timestamp": 1731867472
        }
      }
    },
    {
      "title": "jamesmoorewellness",
      "string_map_data": {
        "Saved on": {
          "href": "https://www.instagram.com/reel/DCE2oW-xSGm/",
          "timestamp": 1731867319
        }
      }
    },
    {
      "title": "growithneha",
      "string_map_data": {
        "Saved on": {
          "href": "https://www.instagram.com/reel/DCURvP1yEoA/",
          "timestamp": 1731685841
        }
      }
    },
    {
      "title": "coupleontoes",
      "string_map_data": {
        "Saved on": {
          "href": "https://www.instagram.com/reel/DAIwT2zSSKV/",
          "timestamp": 1730984508
        }
      }
    },
    {
      "title": "growithneha",
      "string_map_data": {
        "Saved on": {
          "href": "https://www.instagram.com/reel/DB_kmKhyy8Z/",
          "timestamp": 1730951201
        }
      }
    },
    {
      "title": "henny_shah_photography",
      "string_map_data": {
        "Saved on": {
          "href": "https://www.instagram.com/reel/DATGQmMBUY5/",
          "timestamp": 1730349490
        }
      }
    },
    {
      "title": "earlylearne.r",
      "string_map_data": {
        "Saved on": {
          "href": "https://www.instagram.com/reel/C-pkmBuym9n/",
          "timestamp": 1730104161
        }
      }
    },
    {
      "title": "amarketingdude",
      "string_map_data": {
        "Saved on": {
          "href": "https://www.instagram.com/reel/C_QLIsyCfGw/",
          "timestamp": 1729791564
        }
      }
    },
    {
      "title": "dhruvii.codes",
      "string_map_data": {
        "Saved on": {
          "href": "https://www.instagram.com/reel/DBRRF0kul5d/",
          "timestamp": 1729791489
        }
      }
    },
    {
      "title": "rtb_legacy",
      "string_map_data": {
        "Saved on": {
          "href": "https://www.instagram.com/reel/DBZYsQYqapz/",
          "timestamp": 1729791154
        }
      }
    },
    {
      "title": "meetavinash",
      "string_map_data": {
        "Saved on": {
          "href": "https://www.instagram.com/reel/C_k2aECCrvE/",
          "timestamp": 1729791038
        }
      }
    },
    {
      "title": "thelonercodergirl",
      "string_map_data": {
        "Saved on": {
          "href": "https://www.instagram.com/reel/C_vF6oQtbtp/",
          "timestamp": 1729790900
        }
      }
    },
    {
      "title": "kevinqvdang",
      "string_map_data": {
        "Saved on": {
          "href": "https://www.instagram.com/reel/DBG9uvjuxPC/",
          "timestamp": 1729790861
        }
      }
    },
    {
      "title": "prathamkohliyt",
      "string_map_data": {
        "Saved on": {
          "href": "https://www.instagram.com/reel/DBJOUHTvSlb/",
          "timestamp": 1729790449
        }
      }
    },
    {
      "title": "rtb_legacy",
      "string_map_data": {
        "Saved on": {
          "href": "https://www.instagram.com/reel/DBT6Gvoxf3X/",
          "timestamp": 1729790413
        }
      }
    },
    {
      "title": "andreabusinesshacks",
      "string_map_data": {
        "Saved on": {
          "href": "https://www.instagram.com/p/DBM8xWgNyqG/",
          "timestamp": 1729191124
        }
      }
    },
    {
      "title": "consciouslivingtips",
      "string_map_data": {
        "Saved on": {
          "href": "https://www.instagram.com/p/DBAueDCo7IU/",
          "timestamp": 1729068018
        }
      }
    },
    {
      "title": "endless_success___",
      "string_map_data": {
        "Saved on": {
          "href": "https://www.instagram.com/reel/DA3QT1ePlcg/",
          "timestamp": 1728486548
        }
      }
    },
    {
      "title": "i_m_parth_rana",
      "string_map_data": {
        "Saved on": {
          "href": "https://www.instagram.com/reel/DAfwV5YvlF6/",
          "timestamp": 1728161031
        }
      }
    },
    {
      "title": "zostel",
      "string_map_data": {
        "Saved on": {
          "href": "https://www.instagram.com/reel/DAqsYHstc2z/",
          "timestamp": 1728043219
        }
      }
    },
    {
      "title": "star_of_streets",
      "string_map_data": {
        "Saved on": {
          "href": "https://www.instagram.com/reel/C9NPxOkIeSQ/",
          "timestamp": 1728043183
        }
      }
    },
    {
      "title": "passiveincomeparidhi",
      "string_map_data": {
        "Saved on": {
          "href": "https://www.instagram.com/reel/DAr1UhlSeNR/",
          "timestamp": 1728043111
        }
      }
    },
    {
      "title": "ibhartiisingh",
      "string_map_data": {
        "Saved on": {
          "href": "https://www.instagram.com/reel/C9ppN49NR5J/",
          "timestamp": 1728043071
        }
      }
    },
    {
      "title": "salonisdancestudio",
      "string_map_data": {
        "Saved on": {
          "href": "https://www.instagram.com/reel/DAbIGmNvMxJ/",
          "timestamp": 1727635876
        }
      }
    },
    {
      "title": "om_bridal_studio",
      "string_map_data": {
        "Saved on": {
          "href": "https://www.instagram.com/reel/DAYiw91u2uD/",
          "timestamp": 1727512850
        }
      }
    },
    {
      "title": "bangalorepartyanimals",
      "string_map_data": {
        "Saved on": {
          "href": "https://www.instagram.com/reel/DAPHAw_JKmz/",
          "timestamp": 1727437449
        }
      }
    },
    {
      "title": "desiclans",
      "string_map_data": {
        "Saved on": {
          "href": "https://www.instagram.com/p/DASNkULSqvI/",
          "timestamp": 1727437048
        }
      }
    },
    {
      "title": "kalakaar_theartsstudio",
      "string_map_data": {
        "Saved on": {
          "href": "https://www.instagram.com/p/C_h-UAHBVOh/",
          "timestamp": 1727436862
        }
      }
    },
    {
      "title": "dtowndanceandfitnessstudio",
      "string_map_data": {
        "Saved on": {
          "href": "https://www.instagram.com/p/DAVogiDMD9J/",
          "timestamp": 1727436845
        }
      }
    },
    {
      "title": "desiclans",
      "string_map_data": {
        "Saved on": {
          "href": "https://www.instagram.com/p/C_r72MnSPT-/",
          "timestamp": 1727436796
        }
      }
    },
    {
      "title": "bloombysushmita",
      "string_map_data": {
        "Saved on": {
          "href": "https://www.instagram.com/p/DARFhyBT11t/",
          "timestamp": 1727436762
        }
      }
    },
    {
      "title": "desiclans",
      "string_map_data": {
        "Saved on": {
          "href": "https://www.instagram.com/p/C_2vhWZSt7v/",
          "timestamp": 1727436733
        }
      }
    },
    {
      "title": "kiran.kumar323",
      "string_map_data": {
        "Saved on": {
          "href": "https://www.instagram.com/p/DAPuTd_CI_A/",
          "timestamp": 1727436707
        }
      }
    },
    {
      "title": "sheena_chaudhary",
      "string_map_data": {
        "Saved on": {
          "href": "https://www.instagram.com/reel/DALarrGytGS/",
          "timestamp": 1727436653
        }
      }
    },
    {
      "title": "dance_with_specs",
      "string_map_data": {
        "Saved on": {
          "href": "https://www.instagram.com/p/C_dN9AOPCBH/",
          "timestamp": 1727436599
        }
      }
    },
    {
      "title": "desiclans",
      "string_map_data": {
        "Saved on": {
          "href": "https://www.instagram.com/p/DAU_Wu0yI-L/",
          "timestamp": 1727436539
        }
      }
    },
    {
      "title": "houseofstorieshostel",
      "string_map_data": {
        "Saved on": {
          "href": "https://www.instagram.com/p/DAQrEJISKlO/",
          "timestamp": 1727436296
        }
      }
    },
    {
      "title": "mindvispo",
      "string_map_data": {
        "Saved on": {
          "href": "https://www.instagram.com/reel/DARWrAuiTN_/",
          "timestamp": 1727156233
        }
      }
    },
    {
      "title": "lojapatriciarodrigues",
      "string_map_data": {
        "Saved on": {
          "href": "https://www.instagram.com/reel/DAJIigmRCu3/",
          "timestamp": 1727068176
        }
      }
    },
    {
      "title": "goodmove_studios",
      "string_map_data": {
        "Saved on": {
          "href": "https://www.instagram.com/reel/DAGLtanytES/",
          "timestamp": 1727025962
        }
      }
    },
    {
      "title": "mentavos_",
      "string_map_data": {
        "Saved on": {
          "href": "https://www.instagram.com/reel/C9fuhb1iMAk/",
          "timestamp": 1724703071
        }
      }
    },
    {
      "title": "shatakshi.sharma410",
      "string_map_data": {
        "Saved on": {
          "href": "https://www.instagram.com/reel/C5yJZyrSUZY/",
          "timestamp": 1720525492
        }
      }
    },
    {
      "title": "justthetwoofus.tales",
      "string_map_data": {
        "Saved on": {
          "href": "https://www.instagram.com/p/C8uE99kpTxV/",
          "timestamp": 1720455210
        }
      }
    },
    {
      "title": "shivesh17",
      "string_map_data": {
        "Saved on": {
          "href": "https://www.instagram.com/reel/C8PB7RTyXBw/",
          "timestamp": 1720333401
        }
      }
    },
    {
      "title": "thegingerwanderlust",
      "string_map_data": {
        "Saved on": {
          "href": "https://www.instagram.com/reel/C7mEeTHOAry/",
          "timestamp": 1720333356
        }
      }
    },
    {
      "title": "twopassportsonthego",
      "string_map_data": {
        "Saved on": {
          "href": "https://www.instagram.com/reel/CvzpvDmoSGN/",
          "timestamp": 1719728427
        }
      }
    },
    {
      "title": "travelwithshru",
      "string_map_data": {
        "Saved on": {
          "href": "https://www.instagram.com/reel/CdFvIuvsesG/",
          "timestamp": 1719637723
        }
      }
    },
    {
      "title": "believetravellove",
      "string_map_data": {
        "Saved on": {
          "href": "https://www.instagram.com/reel/C6_Z95vMzqE/",
          "timestamp": 1719637664
        }
      }
    },
    {
      "title": "pcos.cysterly_health",
      "string_map_data": {
        "Saved on": {
          "href": "https://www.instagram.com/reel/C79Js2BSwj3/",
          "timestamp": 1718789473
        }
      }
    },
    {
      "title": "thomas.grammm",
      "string_map_data": {
        "Saved on": {
          "href": "https://www.instagram.com/reel/C7wESWPNDKw/",
          "timestamp": 1718564587
        }
      }
    },
    {
      "title": "faceprana",
      "string_map_data": {
        "Saved on": {
          "href": "https://www.instagram.com/reel/C7bM_y3S1SG/",
          "timestamp": 1717488459
        }
      }
    },
    {
      "title": "selfsufficientbackyard",
      "string_map_data": {
        "Saved on": {
          "href": "https://www.instagram.com/reel/C4vPA2upIJx/",
          "timestamp": 1717407874
        }
      }
    },
    {
      "title": "grw_shitiz",
      "string_map_data": {
        "Saved on": {
          "href": "https://www.instagram.com/reel/C5OHn-0p9Uz/",
          "timestamp": 1716113755
        }
      }
    },
    {
      "title": "thepurplestones",
      "string_map_data": {
        "Saved on": {
          "href": "https://www.instagram.com/reel/Ct_yDkbKOY6/",
          "timestamp": 1715378868
        }
      }
    },
    {
      "title": "thechirpingnest",
      "string_map_data": {
        "Saved on": {
          "href": "https://www.instagram.com/p/C6jMKOJyv6b/",
          "timestamp": 1715378803
        }
      }
    },
    {
      "title": "thewanderingpatronus",
      "string_map_data": {
        "Saved on": {
          "href": "https://www.instagram.com/reel/CPX9JdCjvsY/",
          "timestamp": 1715376582
        }
      }
    },
    {
      "title": "imagecoachshivani",
      "string_map_data": {
        "Saved on": {
          "href": "https://www.instagram.com/reel/C4vmITlyyAi/",
          "timestamp": 1713956555
        }
      }
    },
    {
      "title": "the__anusha",
      "string_map_data": {
        "Saved on": {
          "href": "https://www.instagram.com/reel/C3BHN3Qik3w/",
          "timestamp": 1710353106
        }
      }
    },
    {
      "title": "moneywithmak",
      "string_map_data": {
        "Saved on": {
          "href": "https://www.instagram.com/reel/CzoxQLJpC-X/",
          "timestamp": 1706467918
        }
      }
    },
    {
      "title": "1minutefinaance",
      "string_map_data": {
        "Saved on": {
          "href": "https://www.instagram.com/reel/C2MlhoESw5G/",
          "timestamp": 1706463518
        }
      }
    },
    {
      "title": "sahilandsarra",
      "string_map_data": {
        "Saved on": {
          "href": "https://www.instagram.com/reel/C2RFvB_rpo8/",
          "timestamp": 1706463330
        }
      }
    },
    {
      "title": "akshat.world",
      "string_map_data": {
        "Saved on": {
          "href": "https://www.instagram.com/reel/C2m4tCyyrru/",
          "timestamp": 1706463299
        }
      }
    },
    {
      "title": "thinksage.in",
      "string_map_data": {
        "Saved on": {
          "href": "https://www.instagram.com/reel/C1MawCqSsBf/",
          "timestamp": 1705691737
        }
      }
    },
    {
      "title": "auctusmind",
      "string_map_data": {
        "Saved on": {
          "href": "https://www.instagram.com/reel/CzzcjoZC9OX/",
          "timestamp": 1705131213
        }
      }
    },
    {
      "title": "onepercent.cult",
      "string_map_data": {
        "Saved on": {
          "href": "https://www.instagram.com/reel/C0Z12DYKzzn/",
          "timestamp": 1704994544
        }
      }
    },
    {
      "title": "lisasongsutton",
      "string_map_data": {
        "Saved on": {
          "href": "https://www.instagram.com/reel/C1stFqJMvwR/",
          "timestamp": 1704518665
        }
      }
    },
    {
      "title": "zachseabaugh",
      "string_map_data": {
        "Saved on": {
          "href": "https://www.instagram.com/reel/C1R4RU0sphH/",
          "timestamp": 1704022145
        }
      }
    },
    {
      "title": "nudgealgo",
      "string_map_data": {
        "Saved on": {
          "href": "https://www.instagram.com/reel/C0-BMYgic2G/",
          "timestamp": 1703679177
        }
      }
    },
    {
      "title": "meme.wali01",
      "string_map_data": {
        "Saved on": {
          "href": "https://www.instagram.com/reel/C1CWyo6tjM3/",
          "timestamp": 1703224614
        }
      }
    },
    {
      "title": "anuragfitness_",
      "string_map_data": {
        "Saved on": {
          "href": "https://www.instagram.com/reel/Cz_pglEPTxF/",
          "timestamp": 1702840841
        }
      }
    },
    {
      "title": "kavana.in",
      "string_map_data": {
        "Saved on": {
          "href": "https://www.instagram.com/reel/CzyEqVtSUB5/",
          "timestamp": 1702708713
        }
      }
    },
    {
      "title": "pranav_.pg",
      "string_map_data": {
        "Saved on": {
          "href": "https://www.instagram.com/reel/C01ZVqzJhsi/",
          "timestamp": 1702708230
        }
      }
    },
    {
      "title": "gree_yogabhyasi",
      "string_map_data": {
        "Saved on": {
          "href": "https://www.instagram.com/reel/C0t5WV2v9Bw/",
          "timestamp": 1702535125
        }
      }
    },
    {
      "title": "kreettanam",
      "string_map_data": {
        "Saved on": {
          "href": "https://www.instagram.com/reel/C0rU9qjSVCk/",
          "timestamp": 1702279819
        }
      }
    },
    {
      "title": "dr.elhallaj",
      "string_map_data": {
        "Saved on": {
          "href": "https://www.instagram.com/reel/C0hPJjsN1RB/",
          "timestamp": 1702279726
        }
      }
    },
    {
      "title": "boss.bae.steph",
      "string_map_data": {
        "Saved on": {
          "href": "https://www.instagram.com/reel/CzjLTr4r9wm/",
          "timestamp": 1702279715
        }
      }
    },
    {
      "title": "avimeeherbal",
      "string_map_data": {
        "Saved on": {
          "href": "https://www.instagram.com/reel/C0nquVgBj97/",
          "timestamp": 1702237871
        }
      }
    },
    {
      "title": "flying_abroad",
      "string_map_data": {
        "Saved on": {
          "href": "https://www.instagram.com/reel/C0dU3HYJcoR/",
          "timestamp": 1702237469
        }
      }
    },
    {
      "title": "iamsajidshahid",
      "string_map_data": {
        "Saved on": {
          "href": "https://www.instagram.com/reel/Czs_P16pTwn/",
          "timestamp": 1702188017
        }
      }
    },
    {
      "title": "thedigitalkinggg",
      "string_map_data": {
        "Saved on": {
          "href": "https://www.instagram.com/p/Cyj_g7aNJLz/",
          "timestamp": 1701967228
        }
      }
    },
    {
      "title": "haydensummers",
      "string_map_data": {
        "Saved on": {
          "href": "https://www.instagram.com/reel/CzA_GkSRXH2/",
          "timestamp": 1700589581
        }
      }
    },
    {
      "title": "diaeko",
      "string_map_data": {
        "Saved on": {
          "href": "https://www.instagram.com/reel/CzEB2sYMuET/",
          "timestamp": 1700332931
        }
      }
    },
    {
      "title": "go2.haircare",
      "string_map_data": {
        "Saved on": {
          "href": "https://www.instagram.com/reel/CztvbferPpl/",
          "timestamp": 1700332594
        }
      }
    },
    {
      "title": "aakanksha.monga",
      "string_map_data": {
        "Saved on": {
          "href": "https://www.instagram.com/reel/CzBxopeq1kA/",
          "timestamp": 1698993370
        }
      }
    },
    {
      "title": "itsajwavy",
      "string_map_data": {
        "Saved on": {
          "href": "https://www.instagram.com/reel/CykqQ1YKz1D/",
          "timestamp": 1697997729
        }
      }
    },
    {
      "title": "cntravellerindia",
      "string_map_data": {
        "Saved on": {
          "href": "https://www.instagram.com/p/CyObjNzyYgi/",
          "timestamp": 1697997514
        }
      }
    },
    {
      "title": "rinky_verma09",
      "string_map_data": {
        "Saved on": {
          "href": "https://www.instagram.com/reel/CygkqZYvz43/",
          "timestamp": 1697957702
        }
      }
    },
    {
      "title": "lukepatrickh",
      "string_map_data": {
        "Saved on": {
          "href": "https://www.instagram.com/reel/CyQjZ1FMJE7/",
          "timestamp": 1697727391
        }
      }
    },
    {
      "title": "funeilyenough",
      "string_map_data": {
        "Saved on": {
          "href": "https://www.instagram.com/reel/CydV0XeyvCO/",
          "timestamp": 1697604689
        }
      }
    },
    {
      "title": "bepanah.ishqq",
      "string_map_data": {
        "Saved on": {
          "href": "https://www.instagram.com/reel/CvnHYKENNyT/",
          "timestamp": 1697604671
        }
      }
    },
    {
      "title": "dancewithct__",
      "string_map_data": {
        "Saved on": {
          "href": "https://www.instagram.com/reel/CwKfy8zoRKf/",
          "timestamp": 1697478007
        }
      }
    },
    {
      "title": "hame_photography",
      "string_map_data": {
        "Saved on": {
          "href": "https://www.instagram.com/reel/CyFafaCp4qU/",
          "timestamp": 1697475980
        }
      }
    },
    {
      "title": "mitalisdance",
      "string_map_data": {
        "Saved on": {
          "href": "https://www.instagram.com/reel/CyGT95Ste35/",
          "timestamp": 1697475368
        }
      }
    },
    {
      "title": "polinaherrera",
      "string_map_data": {
        "Saved on": {
          "href": "https://www.instagram.com/reel/CwnFKDToSOs/",
          "timestamp": 1697473720
        }
      }
    },
    {
      "title": "kiara_sunny_harjani",
      "string_map_data": {
        "Saved on": {
          "href": "https://www.instagram.com/reel/CyK1XUiuxtf/",
          "timestamp": 1697473302
        }
      }
    },
    {
      "title": "akanksha.arora.sharma",
      "string_map_data": {
        "Saved on": {
          "href": "https://www.instagram.com/reel/Cxr1Cmig1Tu/",
          "timestamp": 1696614661
        }
      }
    },
    {
      "title": "togetherfordance",
      "string_map_data": {
        "Saved on": {
          "href": "https://www.instagram.com/reel/CxLANxvPQEa/",
          "timestamp": 1696195474
        }
      }
    },
    {
      "title": "rehcreate",
      "string_map_data": {
        "Saved on": {
          "href": "https://www.instagram.com/reel/Cw2gHxCRADm/",
          "timestamp": 1696195290
        }
      }
    },
    {
      "title": "okamahendraid",
      "string_map_data": {
        "Saved on": {
          "href": "https://www.instagram.com/reel/CxhTJ6YtlWB/",
          "timestamp": 1696192993
        }
      }
    },
    {
      "title": "sonisschoolofgarbadance",
      "string_map_data": {
        "Saved on": {
          "href": "https://www.instagram.com/p/CxZkkG5t0LW/",
          "timestamp": 1696078351
        }
      }
    },
    {
      "title": "sonuagarwal.1",
      "string_map_data": {
        "Saved on": {
          "href": "https://www.instagram.com/reel/CxrrLNBBViu/",
          "timestamp": 1695908185
        }
      }
    },
    {
      "title": "emceeshah",
      "string_map_data": {
        "Saved on": {
          "href": "https://www.instagram.com/p/CxuUzvZS7Fl/",
          "timestamp": 1695905777
        }
      }
    },
    {
      "title": "gauravkpoor",
      "string_map_data": {
        "Saved on": {
          "href": "https://www.instagram.com/reel/CxnWPz7oui3/",
          "timestamp": 1695714679
        }
      }
    },
    {
      "title": "ecomtushar",
      "string_map_data": {
        "Saved on": {
          "href": "https://www.instagram.com/reel/Cxah4FOPufN/",
          "timestamp": 1695714575
        }
      }
    },
    {
      "title": "gakuyen",
      "string_map_data": {
        "Saved on": {
          "href": "https://www.instagram.com/reel/CwsELv-JDnH/",
          "timestamp": 1695494725
        }
      }
    },
    {
      "title": "bajangomusic",
      "string_map_data": {
        "Saved on": {
          "href": "https://www.instagram.com/reel/CxU-3uEtWch/",
          "timestamp": 1695494575
        }
      }
    },
    {
      "title": "mrglife.dxb",
      "string_map_data": {
        "Saved on": {
          "href": "https://www.instagram.com/reel/CxbIxcVouxF/",
          "timestamp": 1695469501
        }
      }
    },
    {
      "title": "travelwithaudy",
      "string_map_data": {
        "Saved on": {
          "href": "https://www.instagram.com/reel/CwN0r1GLsiU/",
          "timestamp": 1695322376
        }
      }
    },
    {
      "title": "bryanlowwww",
      "string_map_data": {
        "Saved on": {
          "href": "https://www.instagram.com/reel/CxWxtmAvMNb/",
          "timestamp": 1695272090
        }
      }
    },
    {
      "title": "shwetagandhimahajan_official",
      "string_map_data": {
        "Saved on": {
          "href": "https://www.instagram.com/reel/CwwUtI7Ls3Y/",
          "timestamp": 1695194790
        }
      }
    },
    {
      "title": "artbytraveler",
      "string_map_data": {
        "Saved on": {
          "href": "https://www.instagram.com/reel/CxS37-KSo4R/",
          "timestamp": 1695148736
        }
      }
    },
    {
      "title": "viplove_master",
      "string_map_data": {
        "Saved on": {
          "href": "https://www.instagram.com/reel/Cw7zGT_tV50/",
          "timestamp": 1695059590
        }
      }
    },
    {
      "title": "sakstin_official",
      "string_map_data": {
        "Saved on": {
          "href": "https://www.instagram.com/reel/CxH7S3sJn9i/",
          "timestamp": 1694925364
        }
      }
    },
    {
      "title": "thatsalariedguy",
      "string_map_data": {
        "Saved on": {
          "href": "https://www.instagram.com/reel/CxGLh9KymRV/",
          "timestamp": 1694723625
        }
      }
    },
    {
      "title": "parikh_gang",
      "string_map_data": {
        "Saved on": {
          "href": "https://www.instagram.com/reel/Cwj1mnBolTV/",
          "timestamp": 1694318683
        }
      }
    },
    {
      "title": "bhartiyasingers",
      "string_map_data": {
        "Saved on": {
          "href": "https://www.instagram.com/reel/CuoJkJepD6V/",
          "timestamp": 1694256472
        }
      }
    },
    {
      "title": "thetarotales",
      "string_map_data": {
        "Saved on": {
          "href": "https://www.instagram.com/reel/CwiJX5HqY0s/",
          "timestamp": 1694184387
        }
      }
    },
    {
      "title": "ohlalagoa",
      "string_map_data": {
        "Saved on": {
          "href": "https://www.instagram.com/reel/Cver2qrugOH/",
          "timestamp": 1694183754
        }
      }
    },
    {
      "title": "miscgyan",
      "string_map_data": {
        "Saved on": {
          "href": "https://www.instagram.com/reel/CwiCwMMA9ht/",
          "timestamp": 1694183624
        }
      }
    },
    {
      "title": "apytravelstories",
      "string_map_data": {
        "Saved on": {
          "href": "https://www.instagram.com/reel/Cwo1DIghBRg/",
          "timestamp": 1694180607
        }
      }
    },
    {
      "title": "raviparmaarr",
      "string_map_data": {
        "Saved on": {
          "href": "https://www.instagram.com/reel/CvWIzs0t0KS/",
          "timestamp": 1694093072
        }
      }
    },
    {
      "title": "neetiandraman",
      "string_map_data": {
        "Saved on": {
          "href": "https://www.instagram.com/reel/CvcCkx3B1qV/",
          "timestamp": 1693898091
        }
      }
    },
    {
      "title": "ryanmackmusic",
      "string_map_data": {
        "Saved on": {
          "href": "https://www.instagram.com/reel/CwnZY5Fo5Pb/",
          "timestamp": 1693867629
        }
      }
    },
    {
      "title": "kreativekaps",
      "string_map_data": {
        "Saved on": {
          "href": "https://www.instagram.com/reel/Cwh1D3pBO5K/",
          "timestamp": 1693754848
        }
      }
    },
    {
      "title": "thelucasokeefe",
      "string_map_data": {
        "Saved on": {
          "href": "https://www.instagram.com/p/CwXeWH9Ind8/",
          "timestamp": 1693663543
        }
      }
    },
    {
      "title": "johnvoth",
      "string_map_data": {
        "Saved on": {
          "href": "https://www.instagram.com/reel/CwEPgw7g8Oy/",
          "timestamp": 1693469443
        }
      }
    },
    {
      "title": "thebusinessgoal.in",
      "string_map_data": {
        "Saved on": {
          "href": "https://www.instagram.com/reel/CusyDkBB-D8/",
          "timestamp": 1693419654
        }
      }
    },
    {
      "title": "beerbiceps",
      "string_map_data": {
        "Saved on": {
          "href": "https://www.instagram.com/reel/CwaN7a6Kx6V/",
          "timestamp": 1693419065
        }
      }
    },
    {
      "title": "thepoetryhousee",
      "string_map_data": {
        "Saved on": {
          "href": "https://www.instagram.com/reel/CuCa4lfpDtb/",
          "timestamp": 1693329887
        }
      }
    },
    {
      "title": "rohanshah",
      "string_map_data": {
        "Saved on": {
          "href": "https://www.instagram.com/reel/CwS-hswKExp/",
          "timestamp": 1693329662
        }
      }
    },
    {
      "title": "jetvanwijkx",
      "string_map_data": {
        "Saved on": {
          "href": "https://www.instagram.com/reel/CvDkEpcrEn1/",
          "timestamp": 1693329535
        }
      }
    },
    {
      "title": "flyrobe",
      "string_map_data": {
        "Saved on": {
          "href": "https://www.instagram.com/reel/CvHv2Pwp3fn/",
          "timestamp": 1693317611
        }
      }
    },
    {
      "title": "officialpeopleofindia",
      "string_map_data": {
        "Saved on": {
          "href": "https://www.instagram.com/reel/Cu8qihgsTTy/",
          "timestamp": 1693300936
        }
      }
    },
    {
      "title": "neetiandraman",
      "string_map_data": {
        "Saved on": {
          "href": "https://www.instagram.com/reel/CwXIqCWBRAt/",
          "timestamp": 1693287019
        }
      }
    },
    {
      "title": "motivate_mee_noww",
      "string_map_data": {
        "Saved on": {
          "href": "https://www.instagram.com/reel/Ct_izQfpZYY/",
          "timestamp": 1692856059
        }
      }
    },
    {
      "title": "its_hari_aki_",
      "string_map_data": {
        "Saved on": {
          "href": "https://www.instagram.com/reel/CvmiIOjAfrl/",
          "timestamp": 1692587388
        }
      }
    },
    {
      "title": "leapscholar",
      "string_map_data": {
        "Saved on": {
          "href": "https://www.instagram.com/reel/CtBz3pJMYhY/",
          "timestamp": 1691784948
        }
      }
    },
    {
      "title": "aakanksha.monga",
      "string_map_data": {
        "Saved on": {
          "href": "https://www.instagram.com/reel/CvmmwcYpUN1/",
          "timestamp": 1691687226
        }
      }
    },
    {
      "title": "rajshamani",
      "string_map_data": {
        "Saved on": {
          "href": "https://www.instagram.com/reel/CvulfM7IU8Y/",
          "timestamp": 1691686630
        }
      }
    },
    {
      "title": "adam.godigital",
      "string_map_data": {
        "Saved on": {
          "href": "https://www.instagram.com/reel/Ct_ogcloT1A/",
          "timestamp": 1691176296
        }
      }
    },
    {
      "title": "real_abbey_travels",
      "string_map_data": {
        "Saved on": {
          "href": "https://www.instagram.com/reel/CvG0cDrJox3/",
          "timestamp": 1690577156
        }
      }
    },
    {
      "title": "raviteja_dusi",
      "string_map_data": {
        "Saved on": {
          "href": "https://www.instagram.com/reel/Cu6GtF9pJlS/",
          "timestamp": 1690552841
        }
      }
    },
    {
      "title": "chahalvermaa",
      "string_map_data": {
        "Saved on": {
          "href": "https://www.instagram.com/reel/CuziusvP6G9/",
          "timestamp": 1690485842
        }
      }
    },
    {
      "title": "sarah__47k",
      "string_map_data": {
        "Saved on": {
          "href": "https://www.instagram.com/reel/CuezNieN5GG/",
          "timestamp": 1690222089
        }
      }
    },
    {
      "title": "cariuma",
      "string_map_data": {
        "Saved on": {
          "href": "https://www.instagram.com/reel/CuceLlCgHVX/",
          "timestamp": 1689618930
        }
      }
    },
    {
      "title": "sebastienclosuit",
      "string_map_data": {
        "Saved on": {
          "href": "https://www.instagram.com/reel/CuRldITJt1D/",
          "timestamp": 1689618785
        }
      }
    },
    {
      "title": "mich_toh_prashant",
      "string_map_data": {
        "Saved on": {
          "href": "https://www.instagram.com/reel/CuRzuSEOftY/",
          "timestamp": 1689425158
        }
      }
    },
    {
      "title": "sidchandekar",
      "string_map_data": {
        "Saved on": {
          "href": "https://www.instagram.com/reel/CuhKnYlIKcC/",
          "timestamp": 1689232249
        }
      }
    },
    {
      "title": "jodimagine",
      "string_map_data": {
        "Saved on": {
          "href": "https://www.instagram.com/reel/Cs2h9AGLEVS/",
          "timestamp": 1688998275
        }
      }
    },
    {
      "title": "smilewithjeryl",
      "string_map_data": {
        "Saved on": {
          "href": "https://www.instagram.com/reel/CuekftsBB8k/",
          "timestamp": 1688997342
        }
      }
    },
    {
      "title": "techbonkers",
      "string_map_data": {
        "Saved on": {
          "href": "https://www.instagram.com/reel/CuUHKqPsCep/",
          "timestamp": 1688963259
        }
      }
    },
    {
      "title": "smilewithjeryl",
      "string_map_data": {
        "Saved on": {
          "href": "https://www.instagram.com/reel/CuW2WuiBZAk/",
          "timestamp": 1688816227
        }
      }
    },
    {
      "title": "eva.pepaj",
      "string_map_data": {
        "Saved on": {
          "href": "https://www.instagram.com/reel/CuKSSnTLQ3U/",
          "timestamp": 1688796641
        }
      }
    },
    {
      "title": "naturallymelonie",
      "string_map_data": {
        "Saved on": {
          "href": "https://www.instagram.com/reel/CuA1OHvg1Gd/",
          "timestamp": 1688624859
        }
      }
    },
    {
      "title": "vnmomjourney",
      "string_map_data": {
        "Saved on": {
          "href": "https://www.instagram.com/reel/CuOs6UYo8UP/",
          "timestamp": 1688624753
        }
      }
    },
    {
      "title": "vishakha_divesh",
      "string_map_data": {
        "Saved on": {
          "href": "https://www.instagram.com/reel/CuEgefcJhSp/",
          "timestamp": 1688472363
        }
      }
    },
    {
      "title": "the.vogue.vanity",
      "string_map_data": {
        "Saved on": {
          "href": "https://www.instagram.com/reel/CqxAuQ6OUdl/",
          "timestamp": 1688317636
        }
      }
    },
    {
      "title": "ayane7628",
      "string_map_data": {
        "Saved on": {
          "href": "https://www.instagram.com/reel/CrDP6nHhPxh/",
          "timestamp": 1688317553
        }
      }
    },
    {
      "title": "seung_asarabia",
      "string_map_data": {
        "Saved on": {
          "href": "https://www.instagram.com/reel/Cq1n_6jsUFY/",
          "timestamp": 1688317458
        }
      }
    },
    {
      "title": "amebeverly",
      "string_map_data": {
        "Saved on": {
          "href": "https://www.instagram.com/reel/CtX_nM6uV-l/",
          "timestamp": 1688311399
        }
      }
    },
    {
      "title": "small.world",
      "string_map_data": {
        "Saved on": {
          "href": "https://www.instagram.com/reel/CtieY2urJBg/",
          "timestamp": 1687721660
        }
      }
    },
    {
      "title": "westoncorica",
      "string_map_data": {
        "Saved on": {
          "href": "https://www.instagram.com/reel/Ctc_wufMtoY/",
          "timestamp": 1687483187
        }
      }
    },
    {
      "title": "lets_benatural",
      "string_map_data": {
        "Saved on": {
          "href": "https://www.instagram.com/reel/CrLmMjnLICY/",
          "timestamp": 1687332496
        }
      }
    },
    {
      "title": "shresthvg",
      "string_map_data": {
        "Saved on": {
          "href": "https://www.instagram.com/reel/CtrEtcGBErY/",
          "timestamp": 1687270761
        }
      }
    },
    {
      "title": "ashi_khanna",
      "string_map_data": {
        "Saved on": {
          "href": "https://www.instagram.com/reel/CtTdcT_g5TI/",
          "timestamp": 1687270521
        }
      }
    },
    {
      "title": "yoga_healers",
      "string_map_data": {
        "Saved on": {
          "href": "https://www.instagram.com/reel/CtQyutjJZEo/",
          "timestamp": 1687111139
        }
      }
    },
    {
      "title": "kartikkiash",
      "string_map_data": {
        "Saved on": {
          "href": "https://www.instagram.com/reel/CsIheWfBouB/",
          "timestamp": 1686475689
        }
      }
    },
    {
      "title": "askyourdigitalagency",
      "string_map_data": {
        "Saved on": {
          "href": "https://www.instagram.com/p/CtBtwpWtmJI/",
          "timestamp": 1686396196
        }
      }
    },
    {
      "title": "_laughingzone_",
      "string_map_data": {
        "Saved on": {
          "href": "https://www.instagram.com/reel/Cs3-L3PBrkw/",
          "timestamp": 1686211572
        }
      }
    },
    {
      "title": "shaymerrelax",
      "string_map_data": {
        "Saved on": {
          "href": "https://www.instagram.com/reel/CslVsyxAEdp/",
          "timestamp": 1686211489
        }
      }
    },
    {
      "title": "bongandsingh",
      "string_map_data": {
        "Saved on": {
          "href": "https://www.instagram.com/reel/Cs-e6aoLBbl/",
          "timestamp": 1686211412
        }
      }
    },
    {
      "title": "winnergirls.official",
      "string_map_data": {
        "Saved on": {
          "href": "https://www.instagram.com/reel/CsoUzRLuVcc/",
          "timestamp": 1685686335
        }
      }
    },
    {
      "title": "arsyila_arsakha1",
      "string_map_data": {
        "Saved on": {
          "href": "https://www.instagram.com/reel/Csm8tkkJ7XA/",
          "timestamp": 1685686231
        }
      }
    },
    {
      "title": "naturethecure",
      "string_map_data": {
        "Saved on": {
          "href": "https://www.instagram.com/p/CsGh349Ki_m/",
          "timestamp": 1685613626
        }
      }
    },
    {
      "title": "aitherevolution",
      "string_map_data": {
        "Saved on": {
          "href": "https://www.instagram.com/p/Cs1rzL7Pllt/",
          "timestamp": 1685602035
        }
      }
    },
    {
      "title": "adam.godigital",
      "string_map_data": {
        "Saved on": {
          "href": "https://www.instagram.com/reel/Cr3Cq33IIlp/",
          "timestamp": 1685553805
        }
      }
    },
    {
      "title": "mabelsplayroom",
      "string_map_data": {
        "Saved on": {
          "href": "https://www.instagram.com/reel/CqV_DzzryOs/",
          "timestamp": 1685214087
        }
      }
    },
    {
      "title": "anjali.gama",
      "string_map_data": {
        "Saved on": {
          "href": "https://www.instagram.com/reel/CsNlK6xgK2i/",
          "timestamp": 1685010163
        }
      }
    },
    {
      "title": "anik",
      "string_map_data": {
        "Saved on": {
          "href": "https://www.instagram.com/reel/CptXXGKgnR6/",
          "timestamp": 1684767202
        }
      }
    },
    {
      "title": "ritiiiiii_",
      "string_map_data": {
        "Saved on": {
          "href": "https://www.instagram.com/reel/CrFn_S4MrAv/",
          "timestamp": 1683198087
        }
      }
    },
    {
      "title": "nishantpalve",
      "string_map_data": {
        "Saved on": {
          "href": "https://www.instagram.com/reel/CrmyZKbtYUZ/",
          "timestamp": 1682745170
        }
      }
    },
    {
      "title": "aitherevolution",
      "string_map_data": {
        "Saved on": {
          "href": "https://www.instagram.com/reel/CrcXW74sXLE/",
          "timestamp": 1682533560
        }
      }
    },
    {
      "title": "incrementumteam",
      "string_map_data": {
        "Saved on": {
          "href": "https://www.instagram.com/reel/CqvGHdIg2hg/",
          "timestamp": 1682431515
        }
      }
    },
    {
      "title": "rickylimon99",
      "string_map_data": {
        "Saved on": {
          "href": "https://www.instagram.com/reel/CrFAkfHxpDI/",
          "timestamp": 1682323177
        }
      }
    },
    {
      "title": "taichi.zidong.ins",
      "string_map_data": {
        "Saved on": {
          "href": "https://www.instagram.com/reel/CqF6AgigxeV/",
          "timestamp": 1680964723
        }
      }
    },
    {
      "title": "himalayantales",
      "string_map_data": {
        "Saved on": {
          "href": "https://www.instagram.com/reel/CqcPbKVveSZ/",
          "timestamp": 1680964654
        }
      }
    },
    {
      "title": "siddharthajoshi",
      "string_map_data": {
        "Saved on": {
          "href": "https://www.instagram.com/reel/CqLJZ4NO0Wi/",
          "timestamp": 1680380562
        }
      }
    },
    {
      "title": "aitherevolution",
      "string_map_data": {
        "Saved on": {
          "href": "https://www.instagram.com/p/CqLsdaDPAd2/",
          "timestamp": 1680269475
        }
      }
    },
    {
      "title": "saltyskintravel",
      "string_map_data": {
        "Saved on": {
          "href": "https://www.instagram.com/reel/CoxZwsggMVz/",
          "timestamp": 1679028642
        }
      }
    },
    {
      "title": "nivetadhingramusic",
      "string_map_data": {
        "Saved on": {
          "href": "https://www.instagram.com/reel/CpPJV6cpBI3/",
          "timestamp": 1679028459
        }
      }
    },
    {
      "title": "crashadams",
      "string_map_data": {
        "Saved on": {
          "href": "https://www.instagram.com/reel/CmH5M__ALbj/",
          "timestamp": 1678550932
        }
      }
    },
    {
      "title": "reshionbusiness",
      "string_map_data": {
        "Saved on": {
          "href": "https://www.instagram.com/reel/CpAZttDLBcG/",
          "timestamp": 1678076872
        }
      }
    },
    {
      "title": "whatdidwemarryinto",
      "string_map_data": {
        "Saved on": {
          "href": "https://www.instagram.com/reel/Com0UVDjqWc/",
          "timestamp": 1677045535
        }
      }
    },
    {
      "title": "entrepreneurshipquote",
      "string_map_data": {
        "Saved on": {
          "href": "https://www.instagram.com/p/CoYnS10SkcR/",
          "timestamp": 1676916952
        }
      }
    },
    {
      "title": "ultranannsnapthemood",
      "string_map_data": {
        "Saved on": {
          "href": "https://www.instagram.com/reel/Cl0_mITgQ9W/",
          "timestamp": 1676912313
        }
      }
    },
    {
      "title": "chandukibiwi",
      "string_map_data": {
        "Saved on": {
          "href": "https://www.instagram.com/reel/Cm_dyCHqiI5/",
          "timestamp": 1676692527
        }
      }
    },
    {
      "title": "ishansharma7390",
      "string_map_data": {
        "Saved on": {
          "href": "https://www.instagram.com/reel/CoUjoQdJj3S/",
          "timestamp": 1676606320
        }
      }
    },
    {
      "title": "willlinleyy",
      "string_map_data": {
        "Saved on": {
          "href": "https://www.instagram.com/reel/CnCU0T6qZjf/",
          "timestamp": 1676563592
        }
      }
    },
    {
      "title": "nivetadhingramusic",
      "string_map_data": {
        "Saved on": {
          "href": "https://www.instagram.com/reel/CoG3Ti4JvIZ/",
          "timestamp": 1676563533
        }
      }
    },
    {
      "title": "txin",
      "string_map_data": {
        "Saved on": {
          "href": "https://www.instagram.com/reel/CobN_UZDdeV/",
          "timestamp": 1676563262
        }
      }
    },
    {
      "title": "adetedahiya",
      "string_map_data": {
        "Saved on": {
          "href": "https://www.instagram.com/reel/Coe1UVEJfvX/",
          "timestamp": 1676379884
        }
      }
    },
    {
      "title": "depremeltravels",
      "string_map_data": {
        "Saved on": {
          "href": "https://www.instagram.com/reel/Cm7OY5GDTz8/",
          "timestamp": 1676369946
        }
      }
    },
    {
      "title": "ishansharma7390",
      "string_map_data": {
        "Saved on": {
          "href": "https://www.instagram.com/reel/ClTcMTQMS4G/",
          "timestamp": 1676369830
        }
      }
    },
    {
      "title": "therelationshipboss",
      "string_map_data": {
        "Saved on": {
          "href": "https://www.instagram.com/reel/ClmmV0hAk1h/",
          "timestamp": 1675265678
        }
      }
    },
    {
      "title": "sidehustle_daily",
      "string_map_data": {
        "Saved on": {
          "href": "https://www.instagram.com/p/Cl8v2G1pyfc/",
          "timestamp": 1671042815
        }
      }
    },
    {
      "title": "tsspnnigohi",
      "string_map_data": {
        "Saved on": {
          "href": "https://www.instagram.com/reel/ClTc9IFpWNM/",
          "timestamp": 1670950841
        }
      }
    },
    {
      "title": "wealth",
      "string_map_data": {
        "Saved on": {
          "href": "https://www.instagram.com/p/ClzJ2KhJT7_/",
          "timestamp": 1670761333
        }
      }
    },
    {
      "title": "ojal_makhija",
      "string_map_data": {
        "Saved on": {
          "href": "https://www.instagram.com/reel/CkSmQbPpC4z/",
          "timestamp": 1670687909
        }
      }
    },
    {
      "title": "nanaksingh1030",
      "string_map_data": {
        "Saved on": {
          "href": "https://www.instagram.com/reel/Ck-mGQgsdJ6/",
          "timestamp": 1670687085
        }
      }
    },
    {
      "title": "aakanksha.monga",
      "string_map_data": {
        "Saved on": {
          "href": "https://www.instagram.com/reel/Cl3QPUTpzsl/",
          "timestamp": 1670410654
        }
      }
    },
    {
      "title": "khushi.soni.jalu",
      "string_map_data": {
        "Saved on": {
          "href": "https://www.instagram.com/reel/Cksd9IugWGm/",
          "timestamp": 1670257360
        }
      }
    },
    {
      "title": "sidehustle_daily",
      "string_map_data": {
        "Saved on": {
          "href": "https://www.instagram.com/p/Cld7o_BpuZ5/",
          "timestamp": 1670129790
        }
      }
    },
    {
      "title": "thatbraziliancouple",
      "string_map_data": {
        "Saved on": {
          "href": "https://www.instagram.com/reel/ClOcsvpAXAI/",
          "timestamp": 1670080505
        }
      }
    },
    {
      "title": "carterdointhings",
      "string_map_data": {
        "Saved on": {
          "href": "https://www.instagram.com/reel/Ckr0j9xLeLc/",
          "timestamp": 1670080187
        }
      }
    },
    {
      "title": "mohammedbouradoud",
      "string_map_data": {
        "Saved on": {
          "href": "https://www.instagram.com/reel/CkTwKcPIstl/",
          "timestamp": 1670060027
        }
      }
    },
    {
      "title": "sahibabali",
      "string_map_data": {
        "Saved on": {
          "href": "https://www.instagram.com/reel/ClD-ykjpuMi/",
          "timestamp": 1670059895
        }
      }
    },
    {
      "title": "giitpictures",
      "string_map_data": {
        "Saved on": {
          "href": "https://www.instagram.com/reel/Ckl_M0kP16F/",
          "timestamp": 1670059801
        }
      }
    },
    {
      "title": "dayanatizana",
      "string_map_data": {
        "Saved on": {
          "href": "https://www.instagram.com/reel/Ckyl1ciAUZT/",
          "timestamp": 1670059787
        }
      }
    },
    {
      "title": "sakpataudi",
      "string_map_data": {
        "Saved on": {
          "href": "https://www.instagram.com/reel/Clfg45sjeRy/",
          "timestamp": 1670059654
        }
      }
    },
    {
      "title": "mr.imaginay",
      "string_map_data": {
        "Saved on": {
          "href": "https://www.instagram.com/reel/Ckqe5YcozBE/",
          "timestamp": 1670058869
        }
      }
    },
    {
      "title": "pieterjohnsen",
      "string_map_data": {
        "Saved on": {
          "href": "https://www.instagram.com/reel/ClIcUFfhggT/",
          "timestamp": 1670058702
        }
      }
    },
    {
      "title": "angelagiakas",
      "string_map_data": {
        "Saved on": {
          "href": "https://www.instagram.com/reel/ClayCbmhL1A/",
          "timestamp": 1670058507
        }
      }
    },
    {
      "title": "yourmatiekatie",
      "string_map_data": {
        "Saved on": {
          "href": "https://www.instagram.com/reel/ClOwt32j8Nf/",
          "timestamp": 1670058460
        }
      }
    },
    {
      "title": "digitalsaket",
      "string_map_data": {
        "Saved on": {
          "href": "https://www.instagram.com/reel/Ck0598Ag6yb/",
          "timestamp": 1670058388
        }
      }
    },
    {
      "title": "suhaniguptaa__",
      "string_map_data": {
        "Saved on": {
          "href": "https://www.instagram.com/reel/CiFjbHgjAJZ/",
          "timestamp": 1670058304
        }
      }
    },
    {
      "title": "maangler.coders",
      "string_map_data": {
        "Saved on": {
          "href": "https://www.instagram.com/p/Ckx5Jd_h2uN/",
          "timestamp": 1669878826
        }
      }
    },
    {
      "title": "our_small_bucketlist",
      "string_map_data": {
        "Saved on": {
          "href": "https://www.instagram.com/reel/ClLrrUEJf1X/",
          "timestamp": 1669876758
        }
      }
    },
    {
      "title": "ranucciphotography",
      "string_map_data": {
        "Saved on": {
          "href": "https://www.instagram.com/reel/CkjrCKsIeTJ/",
          "timestamp": 1669855655
        }
      }
    },
    {
      "title": "_kuanyshh_",
      "string_map_data": {
        "Saved on": {
          "href": "https://www.instagram.com/reel/CkycE3-AtmD/",
          "timestamp": 1669855642
        }
      }
    },
    {
      "title": "darylcherryphotography",
      "string_map_data": {
        "Saved on": {
          "href": "https://www.instagram.com/reel/Ckr3HvxDv6B/",
          "timestamp": 1668964243
        }
      }
    },
    {
      "title": "sadiaansgallery",
      "string_map_data": {
        "Saved on": {
          "href": "https://www.instagram.com/reel/CjsTv0tpPq7/",
          "timestamp": 1668964210
        }
      }
    },
    {
      "title": "courtneypaigephotos",
      "string_map_data": {
        "Saved on": {
          "href": "https://www.instagram.com/reel/CkKRucDAaQA/",
          "timestamp": 1668490694
        }
      }
    },
    {
      "title": "classmates.to.soulmates",
      "string_map_data": {
        "Saved on": {
          "href": "https://www.instagram.com/reel/CkSWeVVpzjZ/",
          "timestamp": 1667753511
        }
      }
    },
    {
      "title": "zhuzhubakery.com.my",
      "string_map_data": {
        "Saved on": {
          "href": "https://www.instagram.com/reel/CkBN_CUuYOB/",
          "timestamp": 1667753445
        }
      }
    },
    {
      "title": "rahulbansaledits",
      "string_map_data": {
        "Saved on": {
          "href": "https://www.instagram.com/reel/Cj3EGl5pzyd/",
          "timestamp": 1667753438
        }
      }
    },
    {
      "title": "utkarshkinkhabwala",
      "string_map_data": {
        "Saved on": {
          "href": "https://www.instagram.com/reel/CjiT_biMUF5/",
          "timestamp": 1667752927
        }
      }
    },
    {
      "title": "northernelg",
      "string_map_data": {
        "Saved on": {
          "href": "https://www.instagram.com/reel/Cj8Uxh0Ktxa/",
          "timestamp": 1667752905
        }
      }
    },
    {
      "title": "vrunda_06_",
      "string_map_data": {
        "Saved on": {
          "href": "https://www.instagram.com/reel/Ckn7ME7juPv/",
          "timestamp": 1667751815
        }
      }
    },
    {
      "title": "aartiichauhan",
      "string_map_data": {
        "Saved on": {
          "href": "https://www.instagram.com/reel/Cj2gQDzJj-x/",
          "timestamp": 1667750734
        }
      }
    },
    {
      "title": "s.h.e_wanders",
      "string_map_data": {
        "Saved on": {
          "href": "https://www.instagram.com/reel/ChyOPIUIsNS/",
          "timestamp": 1667546802
        }
      }
    },
    {
      "title": "ranjsiingh",
      "string_map_data": {
        "Saved on": {
          "href": "https://www.instagram.com/reel/Ci4iWJ8uaVk/",
          "timestamp": 1666784518
        }
      }
    },
    {
      "title": "humpty_dumptty",
      "string_map_data": {
        "Saved on": {
          "href": "https://www.instagram.com/reel/CipP2iLpsu2/",
          "timestamp": 1664442189
        }
      }
    },
    {
      "title": "awinrecords",
      "string_map_data": {
        "Saved on": {
          "href": "https://www.instagram.com/reel/CiBJ5tsB32X/",
          "timestamp": 1664423639
        }
      }
    },
    {
      "title": "miralpatel_mehndi",
      "string_map_data": {
        "Saved on": {
          "href": "https://www.instagram.com/reel/Cibit4vjegr/",
          "timestamp": 1664338495
        }
      }
    },
    {
      "title": "searats",
      "string_map_data": {
        "Saved on": {
          "href": "https://www.instagram.com/reel/CiuIVV6jxO3/",
          "timestamp": 1664250952
        }
      }
    },
    {
      "title": "hungrycruisers",
      "string_map_data": {
        "Saved on": {
          "href": "https://www.instagram.com/reel/ChUgeq8sLVR/",
          "timestamp": 1662641400
        }
      }
    },
    {
      "title": "worldofrmoves",
      "string_map_data": {
        "Saved on": {
          "href": "https://www.instagram.com/reel/ChjvdOQqcu7/",
          "timestamp": 1662031589
        }
      }
    },
    {
      "title": "worldofrmoves",
      "string_map_data": {
        "Saved on": {
          "href": "https://www.instagram.com/reel/Cflw3T1DIpR/",
          "timestamp": 1661953181
        }
      }
    },
    {
      "title": "worldofrmoves",
      "string_map_data": {
        "Saved on": {
          "href": "https://www.instagram.com/reel/ChriYVjKIE0/",
          "timestamp": 1661952963
        }
      }
    },
    {
      "title": "theperfectoverthinker",
      "string_map_data": {
        "Saved on": {
          "href": "https://www.instagram.com/reel/Cg7Q4cGJbZB/",
          "timestamp": 1661367386
        }
      }
    },
    {
      "title": "ijaybhanushali",
      "string_map_data": {
        "Saved on": {
          "href": "https://www.instagram.com/reel/ChmDN1BB23l/",
          "timestamp": 1661250573
        }
      }
    },
    {
      "title": "khan.isa",
      "string_map_data": {
        "Saved on": {
          "href": "https://www.instagram.com/reel/Cg_1-YxpQcc/",
          "timestamp": 1661086491
        }
      }
    },
    {
      "title": "iamnehanagar",
      "string_map_data": {
        "Saved on": {
          "href": "https://www.instagram.com/reel/ChM2ybNpBdK/",
          "timestamp": 1661006935
        }
      }
    },
    {
      "title": "janis_danner",
      "string_map_data": {
        "Saved on": {
          "href": "https://www.instagram.com/reel/ChSYK4-rBNn/",
          "timestamp": 1660583229
        }
      }
    },
    {
      "title": "nitishwaila",
      "string_map_data": {
        "Saved on": {
          "href": "https://www.instagram.com/reel/CguPI3YlTPB/",
          "timestamp": 1660385292
        }
      }
    },
    {
      "title": "samrasuri",
      "string_map_data": {
        "Saved on": {
          "href": "https://www.instagram.com/reel/CgmUkCxoxTw/",
          "timestamp": 1660151676
        }
      }
    },
    {
      "title": "rossfledderjohn",
      "string_map_data": {
        "Saved on": {
          "href": "https://www.instagram.com/reel/CgSlYviviF5/",
          "timestamp": 1659551306
        }
      }
    },
    {
      "title": "diegoljc90",
      "string_map_data": {
        "Saved on": {
          "href": "https://www.instagram.com/reel/Cfu23x-g083/",
          "timestamp": 1659464075
        }
      }
    },
    {
      "title": "pariborana_",
      "string_map_data": {
        "Saved on": {
          "href": "https://www.instagram.com/reel/Cf0xYWDqXDT/",
          "timestamp": 1659291805
        }
      }
    },
    {
      "title": "julinaexplores",
      "string_map_data": {
        "Saved on": {
          "href": "https://www.instagram.com/reel/Cf_b94ODNpi/",
          "timestamp": 1659291690
        }
      }
    },
    {
      "title": "guywiththehairofficial",
      "string_map_data": {
        "Saved on": {
          "href": "https://www.instagram.com/reel/CgKS9ealTrg/",
          "timestamp": 1659291546
        }
      }
    },
    {
      "title": "girlfromdhauladhar",
      "string_map_data": {
        "Saved on": {
          "href": "https://www.instagram.com/reel/CfqOjs1pG3J/",
          "timestamp": 1659207424
        }
      }
    },
    {
      "title": "casper_desai",
      "string_map_data": {
        "Saved on": {
          "href": "https://www.instagram.com/reel/Cf1BwBTq5Bb/",
          "timestamp": 1659207405
        }
      }
    },
    {
      "title": "jasafotojakarta",
      "string_map_data": {
        "Saved on": {
          "href": "https://www.instagram.com/reel/CfqMVKDPNBM/",
          "timestamp": 1659206939
        }
      }
    },
    {
      "title": "mayank.bhau_",
      "string_map_data": {
        "Saved on": {
          "href": "https://www.instagram.com/reel/Cf6ziq2jF_W/",
          "timestamp": 1658646572
        }
      }
    },
    {
      "title": "shoebum.jpeg",
      "string_map_data": {
        "Saved on": {
          "href": "https://www.instagram.com/reel/Cfl8gBdI17P/",
          "timestamp": 1658077336
        }
      }
    },
    {
      "title": "norzinkhampa",
      "string_map_data": {
        "Saved on": {
          "href": "https://www.instagram.com/reel/CfoS8liDR-G/",
          "timestamp": 1658077052
        }
      }
    },
    {
      "title": "nakuulmehta",
      "string_map_data": {
        "Saved on": {
          "href": "https://www.instagram.com/reel/CfbI7X4jkho/",
          "timestamp": 1657996319
        }
      }
    },
    {
      "title": "lights.camera.chanu",
      "string_map_data": {
        "Saved on": {
          "href": "https://www.instagram.com/reel/CfoR6MYF6_8/",
          "timestamp": 1657514903
        }
      }
    },
    {
      "title": "bestcamerashot_",
      "string_map_data": {
        "Saved on": {
          "href": "https://www.instagram.com/p/CfbvTDxJOoW/",
          "timestamp": 1656730311
        }
      }
    },
    {
      "title": "srentrepreneur_",
      "string_map_data": {
        "Saved on": {
          "href": "https://www.instagram.com/reel/CecyI2NjFt0/",
          "timestamp": 1656484839
        }
      }
    },
    {
      "title": "_nickandcarrie_",
      "string_map_data": {
        "Saved on": {
          "href": "https://www.instagram.com/reel/CeoM0RAFu9f/",
          "timestamp": 1656249094
        }
      }
    },
    {
      "title": "sk.afraaz",
      "string_map_data": {
        "Saved on": {
          "href": "https://www.instagram.com/reel/CdyOcfjg-Dt/",
          "timestamp": 1655293294
        }
      }
    },
    {
      "title": "sofimanassyan",
      "string_map_data": {
        "Saved on": {
          "href": "https://www.instagram.com/reel/CdYlxMxAd1O/",
          "timestamp": 1653192662
        }
      }
    },
    {
      "title": "makestuffmasons",
      "string_map_data": {
        "Saved on": {
          "href": "https://www.instagram.com/reel/Cc3Ml2qDDDU/",
          "timestamp": 1652554616
        }
      }
    },
    {
      "title": "munnakhan7630",
      "string_map_data": {
        "Saved on": {
          "href": "https://www.instagram.com/reel/Cb89trfo8kH/",
          "timestamp": 1651374971
        }
      }
    },
    {
      "title": "radhika_nomllers",
      "string_map_data": {
        "Saved on": {
          "href": "https://www.instagram.com/reel/CcZodceu_qm/",
          "timestamp": 1651374887
        }
      }
    },
    {
      "title": "sanskruti_likhitkar",
      "string_map_data": {
        "Saved on": {
          "href": "https://www.instagram.com/reel/CcDYbObgLAD/",
          "timestamp": 1651374811
        }
      }
    },
    {
      "title": "curly.tales",
      "string_map_data": {
        "Saved on": {
          "href": "https://www.instagram.com/reel/CcA4ojqKuRY/",
          "timestamp": 1651351563
        }
      }
    },
    {
      "title": "two_off_to",
      "string_map_data": {
        "Saved on": {
          "href": "https://www.instagram.com/reel/CbpJZmMsIys/",
          "timestamp": 1650738356
        }
      }
    },
    {
      "title": "abhijit.shete",
      "string_map_data": {
        "Saved on": {
          "href": "https://www.instagram.com/reel/CbFpRmBA4_P/",
          "timestamp": 1649429187
        }
      }
    },
    {
      "title": "rd_littlethings",
      "string_map_data": {
        "Saved on": {
          "href": "https://www.instagram.com/reel/CbKjp_FpuAJ/",
          "timestamp": 1649428052
        }
      }
    },
    {
      "title": "latest_poses",
      "string_map_data": {
        "Saved on": {
          "href": "https://www.instagram.com/reel/Cb33QSAFILu/",
          "timestamp": 1649402664
        }
      }
    },
    {
      "title": "yogesh.ramane14",
      "string_map_data": {
        "Saved on": {
          "href": "https://www.instagram.com/reel/CbPz6voFs7a/",
          "timestamp": 1649402461
        }
      }
    },
    {
      "title": "sagar_sankpal93",
      "string_map_data": {
        "Saved on": {
          "href": "https://www.instagram.com/reel/CbABpEivbDx/",
          "timestamp": 1649256301
        }
      }
    },
    {
      "title": "guggin94",
      "string_map_data": {
        "Saved on": {
          "href": "https://www.instagram.com/reel/Cbz18Y5geEl/",
          "timestamp": 1649256219
        }
      }
    },
    {
      "title": "suganography",
      "string_map_data": {
        "Saved on": {
          "href": "https://www.instagram.com/reel/CbgyvVlJScE/",
          "timestamp": 1649245649
        }
      }
    },
    {
      "title": "surajjpallsingh",
      "string_map_data": {
        "Saved on": {
          "href": "https://www.instagram.com/reel/CbahoUXBqEk/",
          "timestamp": 1649183748
        }
      }
    },
    {
      "title": "growingup_garcia",
      "string_map_data": {
        "Saved on": {
          "href": "https://www.instagram.com/reel/CbTQapYDbnv/",
          "timestamp": 1648878602
        }
      }
    },
    {
      "title": "madhurimaap",
      "string_map_data": {
        "Saved on": {
          "href": "https://www.instagram.com/reel/CbUu6cel2nA/",
          "timestamp": 1647787124
        }
      }
    },
    {
      "title": "twinkleuppal",
      "string_map_data": {
        "Saved on": {
          "href": "https://www.instagram.com/reel/CbUhRm4gBuf/",
          "timestamp": 1647787042
        }
      }
    },
    {
      "title": "the_side_porch",
      "string_map_data": {
        "Saved on": {
          "href": "https://www.instagram.com/reel/CbT0yXLj8O0/",
          "timestamp": 1647786826
        }
      }
    },
    {
      "title": "annupatel",
      "string_map_data": {
        "Saved on": {
          "href": "https://www.instagram.com/reel/CbUArNaqxvY/",
          "timestamp": 1647786736
        }
      }
    },
    {
      "title": "dwiipras",
      "string_map_data": {
        "Saved on": {
          "href": "https://www.instagram.com/reel/CbTxV_tpBmD/",
          "timestamp": 1647786684
        }
      }
    },
    {
      "title": "artrien_po",
      "string_map_data": {
        "Saved on": {
          "href": "https://www.instagram.com/reel/CbUcZYop-Lv/",
          "timestamp": 1647786557
        }
      }
    },
    {
      "title": "tatum_reed",
      "string_map_data": {
        "Saved on": {
          "href": "https://www.instagram.com/reel/CbU-wW6lbPq/",
          "timestamp": 1647786429
        }
      }
    },
    {
      "title": "qaseedaah",
      "string_map_data": {
        "Saved on": {
          "href": "https://www.instagram.com/reel/CbT7TzupAfs/",
          "timestamp": 1647786301
        }
      }
    },
    {
      "title": "cameratricks_",
      "string_map_data": {
        "Saved on": {
          "href": "https://www.instagram.com/reel/CbUlL3yJKiz/",
          "timestamp": 1647785875
        }
      }
    },
    {
      "title": "sushmayya",
      "string_map_data": {
        "Saved on": {
          "href": "https://www.instagram.com/reel/CbUU0TTg_lO/",
          "timestamp": 1647785291
        }
      }
    },
    {
      "title": "varundvn",
      "string_map_data": {
        "Saved on": {
          "href": "https://www.instagram.com/reel/CSqg01CDN3c/",
          "timestamp": 1647659832
        }
      }
    },
    {
      "title": "kiaraaliaadvani",
      "string_map_data": {
        "Saved on": {
          "href": "https://www.instagram.com/reel/CUb3aKqoHFx/",
          "timestamp": 1647659816
        }
      }
    },
    {
      "title": "financialsimplified",
      "string_map_data": {
        "Saved on": {
          "href": "https://www.instagram.com/p/Ca7K6zlllBR/",
          "timestamp": 1647182669
        }
      }
    },
    {
      "title": "hairtips.diy",
      "string_map_data": {
        "Saved on": {
          "href": "https://www.instagram.com/reel/CZsLx0nqV6o/",
          "timestamp": 1646324448
        }
      }
    },
    {
      "title": "sallyandpiper",
      "string_map_data": {
        "Saved on": {
          "href": "https://www.instagram.com/reel/CZqQ4OCBICu/",
          "timestamp": 1645500208
        }
      }
    },
    {
      "title": "hrithik2199",
      "string_map_data": {
        "Saved on": {
          "href": "https://www.instagram.com/reel/CaL1DV9jFUG/",
          "timestamp": 1645330333
        }
      }
    },
    {
      "title": "bankpyt",
      "string_map_data": {
        "Saved on": {
          "href": "https://www.instagram.com/reel/CZOtZtChIcg/",
          "timestamp": 1644895230
        }
      }
    },
    {
      "title": "cherrielynn",
      "string_map_data": {
        "Saved on": {
          "href": "https://www.instagram.com/reel/CY2zc8ko1Yd/",
          "timestamp": 1644589979
        }
      }
    },
    {
      "title": "avanishahh_",
      "string_map_data": {
        "Saved on": {
          "href": "https://www.instagram.com/reel/CZ1vjTTlTdL/",
          "timestamp": 1644589470
        }
      }
    },
    {
      "title": "thefashionjogger",
      "string_map_data": {
        "Saved on": {
          "href": "https://www.instagram.com/reel/CZhuWB9JDvo/",
          "timestamp": 1644589252
        }
      }
    },
    {
      "title": "hannahkirkman_",
      "string_map_data": {
        "Saved on": {
          "href": "https://www.instagram.com/reel/CZSflsAIkEo/",
          "timestamp": 1644589145
        }
      }
    },
    {
      "title": "jessgee",
      "string_map_data": {
        "Saved on": {
          "href": "https://www.instagram.com/reel/CY8IS3igSgc/",
          "timestamp": 1644588535
        }
      }
    },
    {
      "title": "restlessroad",
      "string_map_data": {
        "Saved on": {
          "href": "https://www.instagram.com/reel/CZCs2M8IUgi/",
          "timestamp": 1644588516
        }
      }
    },
    {
      "title": "trickyquotes7",
      "string_map_data": {
        "Saved on": {
          "href": "https://www.instagram.com/reel/CZCYh07IQM6/",
          "timestamp": 1644570040
        }
      }
    },
    {
      "title": "_juliasampson",
      "string_map_data": {
        "Saved on": {
          "href": "https://www.instagram.com/reel/CY1139hBt-J/",
          "timestamp": 1644509998
        }
      }
    },
    {
      "title": "hellohoangnam",
      "string_map_data": {
        "Saved on": {
          "href": "https://www.instagram.com/reel/CY5_IHYBl5K/",
          "timestamp": 1644471520
        }
      }
    },
    {
      "title": "namideol",
      "string_map_data": {
        "Saved on": {
          "href": "https://www.instagram.com/reel/CYKlCFWFxKS/",
          "timestamp": 1642973909
        }
      }
    },
    {
      "title": "albertclavijo",
      "string_map_data": {
        "Saved on": {
          "href": "https://www.instagram.com/reel/CYk0l2Rlniv/",
          "timestamp": 1642754955
        }
      }
    },
    {
      "title": "businessgrowthmentor",
      "string_map_data": {
        "Saved on": {
          "href": "https://www.instagram.com/p/CY24epzF5Ur/",
          "timestamp": 1642688750
        }
      }
    },
    {
      "title": "neha__sharma94",
      "string_map_data": {
        "Saved on": {
          "href": "https://www.instagram.com/tv/CYMpJYboBco/",
          "timestamp": 1641184981
        }
      }
    },
    {
      "title": "udaipur_reels14",
      "string_map_data": {
        "Saved on": {
          "href": "https://www.instagram.com/reel/CYJLsjOKxAK/",
          "timestamp": 1641130097
        }
      }
    },
    {
      "title": "officialhumansofbombay",
      "string_map_data": {
        "Saved on": {
          "href": "https://www.instagram.com/p/CYD_g1IPkmB/",
          "timestamp": 1640885600
        }
      }
    },
    {
      "title": "madhuridixitnene",
      "string_map_data": {
        "Saved on": {
          "href": "https://www.instagram.com/reel/CXVTbACA8m5/",
          "timestamp": 1639858783
        }
      }
    },
    {
      "title": "trulynomadly",
      "string_map_data": {
        "Saved on": {
          "href": "https://www.instagram.com/reel/CWkcdrVqtkQ/",
          "timestamp": 1639858692
        }
      }
    },
    {
      "title": "audiphotography",
      "string_map_data": {
        "Saved on": {
          "href": "https://www.instagram.com/reel/CXQ8DNwgZuC/",
          "timestamp": 1639858675
        }
      }
    },
    {
      "title": "camerawalebhaiya",
      "string_map_data": {
        "Saved on": {
          "href": "https://www.instagram.com/reel/CWDDliip67s/",
          "timestamp": 1639555780
        }
      }
    },
    {
      "title": "camerawalebhaiya",
      "string_map_data": {
        "Saved on": {
          "href": "https://www.instagram.com/tv/CWZty61J92k/",
          "timestamp": 1639555600
        }
      }
    },
    {
      "title": "nagmamirajkar",
      "string_map_data": {
        "Saved on": {
          "href": "https://www.instagram.com/reel/CXDqFYZtAR5/",
          "timestamp": 1639555287
        }
      }
    },
    {
      "title": "cameratricks_",
      "string_map_data": {
        "Saved on": {
          "href": "https://www.instagram.com/reel/CXfpRFWJ1o9/",
          "timestamp": 1639555246
        }
      }
    },
    {
      "title": "camerawalebhaiya",
      "string_map_data": {
        "Saved on": {
          "href": "https://www.instagram.com/reel/CXfpCdWJAfI/",
          "timestamp": 1639555220
        }
      }
    },
    {
      "title": "janis_danner",
      "string_map_data": {
        "Saved on": {
          "href": "https://www.instagram.com/reel/COiZ5qHC87q/",
          "timestamp": 1621159091
        }
      }
    }
  ]
}